STATION,NAME,DATE,AWND,PGTM,PRCP,TAVG,TMAX,TMIN,WDF2,WDF5,WSF2,WSF5,WT01,WT02,WT03,WT05,WT08
USW00023230,"OAKLAND INTERNATIONAL AIRPORT, CA US",01-01-2021,4.47,,0,,60,40,290,290,15,18.1,,,,,1
USW00023230,"OAKLAND INTERNATIONAL AIRPORT, CA US",02-01-2021,2.24,,0.14,,57,51,230,230,10.1,13,1,,,,1
USW00023230,"OAKLAND INTERNATIONAL AIRPORT, CA US",03-01-2021,2.91,,0,,56,49,260,250,14.1,15,1,1,,,1
USW00023230,"OAKLAND INTERNATIONAL AIRPORT, CA US",04-01-2021,10.07,,0.36,,62,46,240,130,21.9,29.1,1,,,,1
USW00023230,"OAKLAND INTERNATIONAL AIRPORT, CA US",05-01-2021,4.7,,0,,59,42,300,260,13,15,1,,,,
USW00023230,"OAKLAND INTERNATIONAL AIRPORT, CA US",06-01-2021,4.7,,0.03,,59,40,90,90,15,19,1,,,,1
USW00023230,"OAKLAND INTERNATIONAL AIRPORT, CA US",07-01-2021,5.37,,0,,59,46,120,240,13,16.1,1,1,,,1
USW00023230,"OAKLAND INTERNATIONAL AIRPORT, CA US",08-01-2021,4.03,,0,,61,48,130,130,15,18.1,1,,,,1
USW00023230,"OAKLAND INTERNATIONAL AIRPORT, CA US",09-01-2021,4.47,,0,,60,37,290,290,10.1,12.1,1,,,,
USW00023230,"OAKLAND INTERNATIONAL AIRPORT, CA US",10-01-2021,4.47,,0,,62,41,300,310,15,17,,,,,
USW00023230,"OAKLAND INTERNATIONAL AIRPORT, CA US",11-01-2021,4.47,,0,,61,41,180,180,14.1,19,,,,,
USW00023230,"OAKLAND INTERNATIONAL AIRPORT, CA US",12-01-2021,2.91,,0,,62,47,140,150,8.1,10.1,,,,,1
USW00023230,"OAKLAND INTERNATIONAL AIRPORT, CA US",13-01-2021,4.47,,0,,66,47,140,140,14.1,16.1,,,,,1
USW00023230,"OAKLAND INTERNATIONAL AIRPORT, CA US",14-01-2021,5.14,,0,,71,47,300,310,14.1,17,1,,,,1
USW00023230,"OAKLAND INTERNATIONAL AIRPORT, CA US",15-01-2021,3.13,,0,,67,44,300,300,8.9,10.1,1,,,,
USW00023230,"OAKLAND INTERNATIONAL AIRPORT, CA US",16-01-2021,3.8,,0,,71,46,290,290,13,15,1,,,,1
USW00023230,"OAKLAND INTERNATIONAL AIRPORT, CA US",17-01-2021,3.8,,0,,74,44,300,30,8.9,14.1,1,,,,
USW00023230,"OAKLAND INTERNATIONAL AIRPORT, CA US",18-01-2021,6.71,,0,,83,51,30,40,25.9,36,,,,,1
USW00023230,"OAKLAND INTERNATIONAL AIRPORT, CA US",19-01-2021,18.57,,0,,69,56,30,10,36,47,,,,,
USW00023230,"OAKLAND INTERNATIONAL AIRPORT, CA US",20-01-2021,4.92,,0,,68,43,310,320,12.1,14.1,,,,,
USW00023230,"OAKLAND INTERNATIONAL AIRPORT, CA US",21-01-2021,5.82,,0,,59,39,300,300,16.1,19.9,,,,,
USW00023230,"OAKLAND INTERNATIONAL AIRPORT, CA US",22-01-2021,7.83,,0.08,,57,45,290,290,21,25.9,1,,,,
USW00023230,"OAKLAND INTERNATIONAL AIRPORT, CA US",23-01-2021,6.04,,0,,59,44,300,290,15,17,,,,,
USW00023230,"OAKLAND INTERNATIONAL AIRPORT, CA US",24-01-2021,12.3,,0.1,,56,43,290,290,28,35.1,,,,,
USW00023230,"OAKLAND INTERNATIONAL AIRPORT, CA US",25-01-2021,17,,0,,57,45,280,310,29.1,36,,,,,
USW00023230,"OAKLAND INTERNATIONAL AIRPORT, CA US",26-01-2021,16.78,,0.39,,54,34,140,140,42.9,53.9,1,,,,
USW00023230,"OAKLAND INTERNATIONAL AIRPORT, CA US",27-01-2021,15.66,,0.53,,56,48,140,140,40,49,1,,,,
USW00023230,"OAKLAND INTERNATIONAL AIRPORT, CA US",28-01-2021,9.4,,0.53,,57,49,160,160,21,25.9,1,,,,
USW00023230,"OAKLAND INTERNATIONAL AIRPORT, CA US",29-01-2021,4.7,,0.26,,57,43,160,200,17,19,1,,,,
USW00023230,"OAKLAND INTERNATIONAL AIRPORT, CA US",30-01-2021,4.25,,0,,60,46,310,130,8.9,11,,,,,
USW00023230,"OAKLAND INTERNATIONAL AIRPORT, CA US",31-01-2021,3.8,,0,,63,52,310,310,10.1,12.1,,,,,
USW00023230,"OAKLAND INTERNATIONAL AIRPORT, CA US",01-02-2021,6.71,,0.67,,67,45,180,180,23,25.9,1,,,,
USW00023230,"OAKLAND INTERNATIONAL AIRPORT, CA US",02-02-2021,6.04,,0.23,,62,48,280,260,14.1,16.1,1,,,,1
USW00023230,"OAKLAND INTERNATIONAL AIRPORT, CA US",03-02-2021,6.71,,0,,60,41,290,290,18.1,19.9,1,,,,
USW00023230,"OAKLAND INTERNATIONAL AIRPORT, CA US",04-02-2021,4.92,,0,,63,42,300,310,15,17,1,,,,
USW00023230,"OAKLAND INTERNATIONAL AIRPORT, CA US",05-02-2021,3.8,,0,,67,40,290,300,13,14.1,1,,,,
USW00023230,"OAKLAND INTERNATIONAL AIRPORT, CA US",06-02-2021,4.03,,0,,70,42,310,310,12.1,13,1,,,,
USW00023230,"OAKLAND INTERNATIONAL AIRPORT, CA US",07-02-2021,3.58,,0,,69,42,310,310,14.1,16.1,1,,,,1
USW00023230,"OAKLAND INTERNATIONAL AIRPORT, CA US",08-02-2021,5.37,,0,,60,42,250,250,17,19,1,1,,,1
USW00023230,"OAKLAND INTERNATIONAL AIRPORT, CA US",09-02-2021,4.92,,0,,60,51,280,270,15,17,,,,,
USW00023230,"OAKLAND INTERNATIONAL AIRPORT, CA US",10-02-2021,6.04,,0,,61,49,280,280,19.9,23,,,,,
USW00023230,"OAKLAND INTERNATIONAL AIRPORT, CA US",11-02-2021,5.59,,0.47,,60,48,280,280,29.1,34,1,,,,1
USW00023230,"OAKLAND INTERNATIONAL AIRPORT, CA US",12-02-2021,12.97,,0,,62,53,290,290,21.9,27.1,,,,,
USW00023230,"OAKLAND INTERNATIONAL AIRPORT, CA US",13-02-2021,14.54,,0.01,,63,52,280,280,25.9,30,1,,,,1
USW00023230,"OAKLAND INTERNATIONAL AIRPORT, CA US",14-02-2021,5.37,,0.09,,59,45,140,140,14.1,16.1,1,,,,
USW00023230,"OAKLAND INTERNATIONAL AIRPORT, CA US",15-02-2021,12.75,,0.24,,61,54,280,290,19.9,23.9,1,,,,1
USW00023230,"OAKLAND INTERNATIONAL AIRPORT, CA US",16-02-2021,5.37,,0,,60,44,280,280,15,17,,,,,
USW00023230,"OAKLAND INTERNATIONAL AIRPORT, CA US",17-02-2021,5.14,,0,,68,41,330,320,18.1,23,1,,,,
USW00023230,"OAKLAND INTERNATIONAL AIRPORT, CA US",18-02-2021,5.82,,0,,66,41,310,300,13,16.1,,,,,
USW00023230,"OAKLAND INTERNATIONAL AIRPORT, CA US",19-02-2021,8.05,,0.03,,60,52,280,270,18.1,21.9,1,,,,1
USW00023230,"OAKLAND INTERNATIONAL AIRPORT, CA US",20-02-2021,12.3,,0.01,,64,52,290,290,30,36.9,,,,,
USW00023230,"OAKLAND INTERNATIONAL AIRPORT, CA US",21-02-2021,4.7,,0,,66,44,290,280,15,18.1,,,,,
USW00023230,"OAKLAND INTERNATIONAL AIRPORT, CA US",22-02-2021,7.83,,0,,77,47,30,20,21.9,27.1,,,,,
USW00023230,"OAKLAND INTERNATIONAL AIRPORT, CA US",23-02-2021,5.82,,0,,84,47,340,330,17,19.9,,,,,
USW00023230,"OAKLAND INTERNATIONAL AIRPORT, CA US",24-02-2021,7.61,,0,,76,44,10,10,21.9,30,1,,,,
USW00023230,"OAKLAND INTERNATIONAL AIRPORT, CA US",25-02-2021,6.71,,0,,67,45,260,260,15,17,,,,,
USW00023230,"OAKLAND INTERNATIONAL AIRPORT, CA US",26-02-2021,7.61,,0,,64,44,280,290,18.1,23,,,,,
USW00023230,"OAKLAND INTERNATIONAL AIRPORT, CA US",27-02-2021,10.29,,0,,65,46,290,320,19.9,25.1,,,,,
USW00023230,"OAKLAND INTERNATIONAL AIRPORT, CA US",28-02-2021,6.71,1302,0,,73,43,40,40,17,21,,,,,
USW00023230,"OAKLAND INTERNATIONAL AIRPORT, CA US",01-03-2021,5.14,,0,,70,43,320,360,12.1,14.1,,,,,
USW00023230,"OAKLAND INTERNATIONAL AIRPORT, CA US",02-03-2021,6.26,,0,,66,45,290,280,15,18.1,,,,,
USW00023230,"OAKLAND INTERNATIONAL AIRPORT, CA US",03-03-2021,7.83,,0,,64,47,270,270,21,25.9,,,,,
USW00023230,"OAKLAND INTERNATIONAL AIRPORT, CA US",04-03-2021,5.37,,0,,65,44,310,230,14.1,21.9,,,,,
USW00023230,"OAKLAND INTERNATIONAL AIRPORT, CA US",05-03-2021,9.62,,0.15,,67,43,280,280,45,51,,,,,
USW00023230,"OAKLAND INTERNATIONAL AIRPORT, CA US",06-03-2021,9.84,,0.02,,61,44,290,290,19.9,23,,,,,
USW00023230,"OAKLAND INTERNATIONAL AIRPORT, CA US",07-03-2021,8.95,,0,,63,41,250,250,19.9,21.9,,,,,
USW00023230,"OAKLAND INTERNATIONAL AIRPORT, CA US",08-03-2021,12.3,,0,,62,52,260,270,19.9,23,,,,,
USW00023230,"OAKLAND INTERNATIONAL AIRPORT, CA US",09-03-2021,12.53,,0.16,,62,49,210,210,30,34,,,,,
USW00023230,"OAKLAND INTERNATIONAL AIRPORT, CA US",10-03-2021,9.84,,0.66,,56,45,170,170,25.1,31.1,1,,1,,
USW00023230,"OAKLAND INTERNATIONAL AIRPORT, CA US",11-03-2021,8.95,,0.06,,60,45,290,280,21.9,28,,,,,
USW00023230,"OAKLAND INTERNATIONAL AIRPORT, CA US",12-03-2021,8.05,,0,,65,43,290,280,18.1,19.9,,,,,
USW00023230,"OAKLAND INTERNATIONAL AIRPORT, CA US",13-03-2021,14.09,,0,,59,52,260,260,21.9,25.1,,,,,
USW00023230,"OAKLAND INTERNATIONAL AIRPORT, CA US",14-03-2021,14.32,,0.18,,62,49,290,280,29.1,34,,,,,
USW00023230,"OAKLAND INTERNATIONAL AIRPORT, CA US",15-03-2021,13.65,,0,,59,47,290,290,28,33.1,,,,,
USW00023230,"OAKLAND INTERNATIONAL AIRPORT, CA US",16-03-2021,8.5,,0,,59,40,270,280,17,19.9,,,,,
USW00023230,"OAKLAND INTERNATIONAL AIRPORT, CA US",17-03-2021,5.82,,0,,59,43,230,230,10.1,16.1,,,,,
USW00023230,"OAKLAND INTERNATIONAL AIRPORT, CA US",18-03-2021,9.17,,0.39,,59,52,140,150,19.9,21.9,1,,,,
USW00023230,"OAKLAND INTERNATIONAL AIRPORT, CA US",19-03-2021,8.5,,0,,64,49,280,280,23,25.9,1,,,,
USW00023230,"OAKLAND INTERNATIONAL AIRPORT, CA US",20-03-2021,10.74,,0,,59,44,280,280,23.9,27.1,,,,,
USW00023230,"OAKLAND INTERNATIONAL AIRPORT, CA US",21-03-2021,7.61,,0,,64,39,280,280,19.9,23,,,,,
USW00023230,"OAKLAND INTERNATIONAL AIRPORT, CA US",22-03-2021,10.51,,0,,63,43,280,300,23.9,29.1,,,,,1
USW00023230,"OAKLAND INTERNATIONAL AIRPORT, CA US",23-03-2021,13.42,,0,,69,48,40,30,28,35.1,,,,,
USW00023230,"OAKLAND INTERNATIONAL AIRPORT, CA US",24-03-2021,9.4,,0,,66,49,270,260,23,27.1,,,,,
USW00023230,"OAKLAND INTERNATIONAL AIRPORT, CA US",25-03-2021,11.41,,0,,61,47,280,280,25.1,29.1,,,,,
USW00023230,"OAKLAND INTERNATIONAL AIRPORT, CA US",26-03-2021,5.37,,0,,67,40,290,270,14.1,18.1,,,,,
USW00023230,"OAKLAND INTERNATIONAL AIRPORT, CA US",27-03-2021,4.7,,0,,74,44,300,300,13,17,,,,,
USW00023230,"OAKLAND INTERNATIONAL AIRPORT, CA US",28-03-2021,6.49,,0,,72,45,280,290,17,19,,,,,
USW00023230,"OAKLAND INTERNATIONAL AIRPORT, CA US",29-03-2021,8.05,,0,,62,44,250,,17,,1,,,,
USW00023230,"OAKLAND INTERNATIONAL AIRPORT, CA US",30-03-2021,5.37,,0,,74,42,270,230,15,19.9,,,,,
USW00023230,"OAKLAND INTERNATIONAL AIRPORT, CA US",31-03-2021,5.37,,0,,82,52,290,70,12.1,14.1,,,,,
USW00023230,"OAKLAND INTERNATIONAL AIRPORT, CA US",01-04-2021,4.92,,0,,82,48,290,290,18.1,21,,,,,
USW00023230,"OAKLAND INTERNATIONAL AIRPORT, CA US",02-04-2021,11.41,,0,,62,50,290,290,21.9,23.9,,,,,
USW00023230,"OAKLAND INTERNATIONAL AIRPORT, CA US",03-04-2021,11.41,,0,,61,51,270,280,18.1,21.9,,,,,
USW00023230,"OAKLAND INTERNATIONAL AIRPORT, CA US",04-04-2021,12.3,,0,,61,52,270,260,21,25.1,,,,,
USW00023230,"OAKLAND INTERNATIONAL AIRPORT, CA US",05-04-2021,12.08,,0,,56,51,270,280,19.9,23,,,,,
USW00023230,"OAKLAND INTERNATIONAL AIRPORT, CA US",06-04-2021,9.62,,0,,61,50,270,260,21,23.9,,,,,
USW00023230,"OAKLAND INTERNATIONAL AIRPORT, CA US",07-04-2021,14.09,,0,,59,50,270,270,23.9,27.1,,,,,
USW00023230,"OAKLAND INTERNATIONAL AIRPORT, CA US",08-04-2021,11.18,,0,,62,49,260,250,21.9,25.9,,,,,
USW00023230,"OAKLAND INTERNATIONAL AIRPORT, CA US",09-04-2021,16.33,,0,,59,49,260,260,25.1,30,,,,,
USW00023230,"OAKLAND INTERNATIONAL AIRPORT, CA US",10-04-2021,9.17,,0,,63,45,270,270,23.9,28,,,,,
USW00023230,"OAKLAND INTERNATIONAL AIRPORT, CA US",11-04-2021,9.62,,0,,66,48,280,220,18.1,21.9,1,,,,
USW00023230,"OAKLAND INTERNATIONAL AIRPORT, CA US",12-04-2021,9.17,,0,,65,46,300,300,18.1,19.9,,,,,1
USW00023230,"OAKLAND INTERNATIONAL AIRPORT, CA US",13-04-2021,15.43,,0,,60,51,270,260,23,27.1,,,,,1
USW00023230,"OAKLAND INTERNATIONAL AIRPORT, CA US",14-04-2021,8.5,,0,,65,50,280,300,21,23.9,,,,,
USW00023230,"OAKLAND INTERNATIONAL AIRPORT, CA US",15-04-2021,9.4,,0,,63,46,290,290,18.1,21,,,,,
USW00023230,"OAKLAND INTERNATIONAL AIRPORT, CA US",16-04-2021,10.96,,0,,61,47,280,290,21,25.1,,,,,
USW00023230,"OAKLAND INTERNATIONAL AIRPORT, CA US",17-04-2021,9.17,,0,,63,50,280,280,18.1,21,1,,,,
USW00023230,"OAKLAND INTERNATIONAL AIRPORT, CA US",18-04-2021,6.26,,0,,75,46,280,280,17,19.9,1,,,,
USW00023230,"OAKLAND INTERNATIONAL AIRPORT, CA US",19-04-2021,10.07,,0,,62,50,280,250,21,25.1,,,,,
USW00023230,"OAKLAND INTERNATIONAL AIRPORT, CA US",20-04-2021,14.76,,0,,62,51,260,270,31.1,36,,,,,
USW00023230,"OAKLAND INTERNATIONAL AIRPORT, CA US",21-04-2021,9.62,,0,,61,51,280,280,19.9,25.1,,,,,1
USW00023230,"OAKLAND INTERNATIONAL AIRPORT, CA US",22-04-2021,12.3,,0,,59,51,270,280,21.9,25.9,,,,,
USW00023230,"OAKLAND INTERNATIONAL AIRPORT, CA US",23-04-2021,11.63,,0,,64,51,270,270,23.9,29.1,1,,,,
USW00023230,"OAKLAND INTERNATIONAL AIRPORT, CA US",24-04-2021,10.74,,0,,64,51,260,270,21.9,25.1,1,,,,1
USW00023230,"OAKLAND INTERNATIONAL AIRPORT, CA US",25-04-2021,11.41,,0,,59,51,220,220,21.9,25.9,,,,,
USW00023230,"OAKLAND INTERNATIONAL AIRPORT, CA US",26-04-2021,11.41,,0,,61,46,280,280,23.9,25.9,,,,,
USW00023230,"OAKLAND INTERNATIONAL AIRPORT, CA US",27-04-2021,7.61,,0,,70,43,270,270,23,25.9,,,,,
USW00023230,"OAKLAND INTERNATIONAL AIRPORT, CA US",28-04-2021,6.71,,0,,78,47,280,290,17,19.9,,,,,
USW00023230,"OAKLAND INTERNATIONAL AIRPORT, CA US",29-04-2021,10.07,,0,,64,50,290,290,21,23,,,,,
USW00023230,"OAKLAND INTERNATIONAL AIRPORT, CA US",30-04-2021,11.18,,0,,62,47,280,290,21.9,25.9,1,,,,
USW00023230,"OAKLAND INTERNATIONAL AIRPORT, CA US",01-05-2021,14.54,,0,,63,50,260,260,33.1,36.9,1,,,,
USW00023230,"OAKLAND INTERNATIONAL AIRPORT, CA US",02-05-2021,7.61,,0,,71,47,280,290,18.1,19.9,,,,,
USW00023230,"OAKLAND INTERNATIONAL AIRPORT, CA US",03-05-2021,6.71,,0,,77,49,280,280,23.9,28,1,,,,
USW00023230,"OAKLAND INTERNATIONAL AIRPORT, CA US",04-05-2021,7.61,,0,,74,52,290,280,21,23,,,,,
USW00023230,"OAKLAND INTERNATIONAL AIRPORT, CA US",05-05-2021,9.84,,0,,70,51,300,290,23,27.1,1,,,,
USW00023230,"OAKLAND INTERNATIONAL AIRPORT, CA US",06-05-2021,11.41,,0,,65,50,270,270,21.9,25.1,,,,,
USW00023230,"OAKLAND INTERNATIONAL AIRPORT, CA US",07-05-2021,8.95,,0,,68,50,260,270,18.1,21.9,,,,,
USW00023230,"OAKLAND INTERNATIONAL AIRPORT, CA US",08-05-2021,8.72,,0,,81,48,280,270,21.9,27.1,,,,,
USW00023230,"OAKLAND INTERNATIONAL AIRPORT, CA US",09-05-2021,6.93,,0,,74,51,280,260,19.9,21.9,,,,,1
USW00023230,"OAKLAND INTERNATIONAL AIRPORT, CA US",10-05-2021,7.16,,0,,80,50,280,280,21,25.9,,,,,
USW00023230,"OAKLAND INTERNATIONAL AIRPORT, CA US",11-05-2021,8.28,,0,,71,52,310,310,19.9,23,1,,,,
USW00023230,"OAKLAND INTERNATIONAL AIRPORT, CA US",12-05-2021,10.74,,0,,65,49,300,300,19.9,23,1,,,,
USW00023230,"OAKLAND INTERNATIONAL AIRPORT, CA US",13-05-2021,10.74,,0,,62,52,290,300,21,25.1,,,,,
USW00023230,"OAKLAND INTERNATIONAL AIRPORT, CA US",14-05-2021,15.21,,0,,59,51,260,260,25.9,31.1,,,,,
USW00023230,"OAKLAND INTERNATIONAL AIRPORT, CA US",15-05-2021,12.08,,0.01,,61,51,250,250,23.9,29.1,1,,,,
USW00023230,"OAKLAND INTERNATIONAL AIRPORT, CA US",16-05-2021,11.41,,0,,63,53,280,290,19.9,21.9,,,,,
USW00023230,"OAKLAND INTERNATIONAL AIRPORT, CA US",17-05-2021,14.76,,0,,60,52,270,280,23,27.1,,,,,
USW00023230,"OAKLAND INTERNATIONAL AIRPORT, CA US",18-05-2021,13.42,,0,,69,51,260,270,25.9,34,,,,,
USW00023230,"OAKLAND INTERNATIONAL AIRPORT, CA US",19-05-2021,22.59,,0,,66,52,280,280,36,40,,,,,
USW00023230,"OAKLAND INTERNATIONAL AIRPORT, CA US",20-05-2021,13.65,,0,,67,50,280,280,30,32,,,,,
USW00023230,"OAKLAND INTERNATIONAL AIRPORT, CA US",21-05-2021,11.63,,0,,66,50,260,270,23.9,27.1,,,,,
USW00023230,"OAKLAND INTERNATIONAL AIRPORT, CA US",22-05-2021,10.07,,0,,67,47,300,290,23,27.1,,,,,
USW00023230,"OAKLAND INTERNATIONAL AIRPORT, CA US",23-05-2021,11.86,,0,,63,53,280,230,18.1,23.9,,,,,
USW00023230,"OAKLAND INTERNATIONAL AIRPORT, CA US",24-05-2021,9.84,,0,,67,51,280,280,19.9,21.9,,,,,
USW00023230,"OAKLAND INTERNATIONAL AIRPORT, CA US",25-05-2021,10.29,,0,,65,52,250,250,21,25.1,,,,,
USW00023230,"OAKLAND INTERNATIONAL AIRPORT, CA US",26-05-2021,10.96,,0,,67,51,290,280,23,27.1,,,,,
USW00023230,"OAKLAND INTERNATIONAL AIRPORT, CA US",27-05-2021,10.74,,0,,67,52,270,260,21.9,27.1,,,,,
USW00023230,"OAKLAND INTERNATIONAL AIRPORT, CA US",28-05-2021,11.41,,0,,65,53,290,280,21,23.9,,,,,
USW00023230,"OAKLAND INTERNATIONAL AIRPORT, CA US",29-05-2021,12.3,,0,,59,52,260,230,19.9,25.1,,,,,
USW00023230,"OAKLAND INTERNATIONAL AIRPORT, CA US",30-05-2021,10.07,,0,,73,53,290,290,21.9,23.9,,,,,
USW00023230,"OAKLAND INTERNATIONAL AIRPORT, CA US",31-05-2021,9.17,,0,,75,52,310,320,18.1,23,,,,,
USW00023230,"OAKLAND INTERNATIONAL AIRPORT, CA US",01-06-2021,12.97,,0,,68,53,300,310,21,25.9,1,,,,
USW00023230,"OAKLAND INTERNATIONAL AIRPORT, CA US",02-06-2021,10.51,,0,,65,53,290,290,21,23.9,,,,,
USW00023230,"OAKLAND INTERNATIONAL AIRPORT, CA US",03-06-2021,10.07,,0,,71,54,290,290,21.9,23.9,,,,,
USW00023230,"OAKLAND INTERNATIONAL AIRPORT, CA US",04-06-2021,10.51,,0,,64,53,280,290,23,25.9,,,,,
USW00023230,"OAKLAND INTERNATIONAL AIRPORT, CA US",05-06-2021,9.62,,0,,71,53,280,220,18.1,19.9,,,,,
USW00023230,"OAKLAND INTERNATIONAL AIRPORT, CA US",06-06-2021,13.42,,0,,67,55,260,250,21.9,25.1,,,,,
USW00023230,"OAKLAND INTERNATIONAL AIRPORT, CA US",07-06-2021,18.34,,0,,66,53,280,270,32,36,,,,,
USW00023230,"OAKLAND INTERNATIONAL AIRPORT, CA US",08-06-2021,17,,0,,66,54,280,260,25.9,34,,,,,
USW00023230,"OAKLAND INTERNATIONAL AIRPORT, CA US",09-06-2021,15.88,,0,,65,53,280,260,23.9,29.1,,,,,
USW00023230,"OAKLAND INTERNATIONAL AIRPORT, CA US",10-06-2021,13.87,,0,,68,53,290,270,25.9,31.1,,,,,
USW00023230,"OAKLAND INTERNATIONAL AIRPORT, CA US",11-06-2021,8.95,,0,,71,50,280,270,21.9,25.1,,,,,
USW00023230,"OAKLAND INTERNATIONAL AIRPORT, CA US",12-06-2021,8.5,,0,,78,61,280,250,21,28,1,,,,
USW00023230,"OAKLAND INTERNATIONAL AIRPORT, CA US",13-06-2021,8.5,,0,,74,59,270,260,21.9,23.9,1,,,,
USW00023230,"OAKLAND INTERNATIONAL AIRPORT, CA US",14-06-2021,13.42,,0,,72,58,280,280,27.1,33.1,1,,,,
USW00023230,"OAKLAND INTERNATIONAL AIRPORT, CA US",15-06-2021,8.5,,0,,76,55,270,270,19.9,23,,,,,
USW00023230,"OAKLAND INTERNATIONAL AIRPORT, CA US",16-06-2021,6.93,,0,,85,55,300,300,16.1,19.9,,,,,
USW00023230,"OAKLAND INTERNATIONAL AIRPORT, CA US",17-06-2021,7.16,,0,,91,58,300,310,17,19,,,,,
USW00023230,"OAKLAND INTERNATIONAL AIRPORT, CA US",18-06-2021,8.05,,0,,84,59,300,310,18.1,21.9,,,,,
USW00023230,"OAKLAND INTERNATIONAL AIRPORT, CA US",19-06-2021,10.96,,0,,76,56,310,300,21.9,25.9,1,,,,1
USW00023230,"OAKLAND INTERNATIONAL AIRPORT, CA US",20-06-2021,10.51,,0,,69,54,310,310,18.1,21.9,1,,,,
USW00023230,"OAKLAND INTERNATIONAL AIRPORT, CA US",21-06-2021,10.29,,0,,72,58,310,300,17,21.9,,,,,
USW00023230,"OAKLAND INTERNATIONAL AIRPORT, CA US",22-06-2021,11.63,,0,,74,62,300,230,19.9,21.9,,,,,
USW00023230,"OAKLAND INTERNATIONAL AIRPORT, CA US",23-06-2021,11.41,,0,,72,60,280,250,19.9,23,,,,,
USW00023230,"OAKLAND INTERNATIONAL AIRPORT, CA US",24-06-2021,12.53,,0,,70,59,270,270,21.9,23.9,,,,,
USW00023230,"OAKLAND INTERNATIONAL AIRPORT, CA US",25-06-2021,11.86,,0,,69,57,280,270,21.9,27.1,,,,,
USW00023230,"OAKLAND INTERNATIONAL AIRPORT, CA US",26-06-2021,12.3,,0,,71,57,280,280,23,25.1,,,,,
USW00023230,"OAKLAND INTERNATIONAL AIRPORT, CA US",27-06-2021,12.75,,0,,67,57,280,270,21.9,25.1,1,,,,
USW00023230,"OAKLAND INTERNATIONAL AIRPORT, CA US",28-06-2021,12.75,,0,,68,57,280,280,21.9,25.1,,,,,
USW00023230,"OAKLAND INTERNATIONAL AIRPORT, CA US",29-06-2021,10.51,,0,,70,58,280,250,18.1,23.9,,,,,
USW00023230,"OAKLAND INTERNATIONAL AIRPORT, CA US",30-06-2021,12.08,,0,,69,58,280,280,19.9,23,,,,,
USW00023230,"OAKLAND INTERNATIONAL AIRPORT, CA US",01-07-2021,10.96,,0,,72,59,280,250,21,25.1,,,,,
USW00023230,"OAKLAND INTERNATIONAL AIRPORT, CA US",02-07-2021,11.41,,0,,72,59,290,290,21.9,25.9,,,,,
USW00023230,"OAKLAND INTERNATIONAL AIRPORT, CA US",03-07-2021,10.51,,0,,70,59,280,250,18.1,23,,,,,
USW00023230,"OAKLAND INTERNATIONAL AIRPORT, CA US",04-07-2021,10.07,,0,,71,59,300,300,19.9,21.9,1,,,,
USW00023230,"OAKLAND INTERNATIONAL AIRPORT, CA US",05-07-2021,10.96,,0,,70,59,280,300,23,25.9,,,,,
USW00023230,"OAKLAND INTERNATIONAL AIRPORT, CA US",06-07-2021,14.32,,0,,67,57,280,280,23,33.1,,,,,
USW00023230,"OAKLAND INTERNATIONAL AIRPORT, CA US",07-07-2021,10.96,,0,,65,56,270,260,21,25.1,,,,,
USW00023230,"OAKLAND INTERNATIONAL AIRPORT, CA US",08-07-2021,8.72,,0,,79,57,300,290,17,19.9,,,,,
USW00023230,"OAKLAND INTERNATIONAL AIRPORT, CA US",09-07-2021,12.08,,0,,77,56,290,290,21.9,25.1,,,,,
USW00023230,"OAKLAND INTERNATIONAL AIRPORT, CA US",10-07-2021,11.18,,0,,73,56,300,,21,,,,,,
USW00023230,"OAKLAND INTERNATIONAL AIRPORT, CA US",11-07-2021,12.53,,0,,65,55,290,290,21.9,25.9,1,,,,
USW00023230,"OAKLAND INTERNATIONAL AIRPORT, CA US",12-07-2021,12.3,,0,,64,55,280,290,23,25.1,,,,,
USW00023230,"OAKLAND INTERNATIONAL AIRPORT, CA US",13-07-2021,13.2,,0,,67,55,280,240,19.9,25.1,,,,,
USW00023230,"OAKLAND INTERNATIONAL AIRPORT, CA US",14-07-2021,9.4,,0,,70,57,310,310,18.1,23,,,,,
USW00023230,"OAKLAND INTERNATIONAL AIRPORT, CA US",15-07-2021,13.87,,0,,65,56,280,290,21.9,25.9,,,,,
USW00023230,"OAKLAND INTERNATIONAL AIRPORT, CA US",16-07-2021,9.62,,0,,70,55,300,320,21.9,23.9,,,,,
USW00023230,"OAKLAND INTERNATIONAL AIRPORT, CA US",17-07-2021,8.95,,0,,72,55,290,300,21,23,,,,,
USW00023230,"OAKLAND INTERNATIONAL AIRPORT, CA US",18-07-2021,9.84,,0,,73,55,300,300,21.9,23.9,,,,,
USW00023230,"OAKLAND INTERNATIONAL AIRPORT, CA US",19-07-2021,10.74,,0,,71,55,300,290,21.9,25.1,,,,,1
USW00023230,"OAKLAND INTERNATIONAL AIRPORT, CA US",20-07-2021,10.51,,0,,67,55,290,290,19.9,21.9,,,,,
USW00023230,"OAKLAND INTERNATIONAL AIRPORT, CA US",21-07-2021,8.95,,0,,69,53,290,290,18.1,21,,,,,
USW00023230,"OAKLAND INTERNATIONAL AIRPORT, CA US",22-07-2021,9.17,,0,,67,53,290,290,19.9,23,,,,,
USW00023230,"OAKLAND INTERNATIONAL AIRPORT, CA US",23-07-2021,9.84,,0,,73,51,300,300,19.9,23,,,,,
USW00023230,"OAKLAND INTERNATIONAL AIRPORT, CA US",24-07-2021,11.18,,0,,69,55,290,290,21,23.9,,,,,
USW00023230,"OAKLAND INTERNATIONAL AIRPORT, CA US",25-07-2021,11.18,,0,,70,57,300,320,21,23,,,,,
USW00023230,"OAKLAND INTERNATIONAL AIRPORT, CA US",26-07-2021,8.95,,0,,70,57,310,310,17,21.9,,,,,
USW00023230,"OAKLAND INTERNATIONAL AIRPORT, CA US",27-07-2021,8.28,,0,,77,57,290,300,18.1,21.9,,,,,
USW00023230,"OAKLAND INTERNATIONAL AIRPORT, CA US",28-07-2021,10.29,,0,,73,58,290,290,21.9,25.9,,,,,1
USW00023230,"OAKLAND INTERNATIONAL AIRPORT, CA US",29-07-2021,10.74,,0,,74,58,300,300,17,21.9,,,,,
USW00023230,"OAKLAND INTERNATIONAL AIRPORT, CA US",30-07-2021,11.63,,0,,71,57,300,300,23.9,27.1,,,,,
USW00023230,"OAKLAND INTERNATIONAL AIRPORT, CA US",31-07-2021,10.51,,0,,72,59,310,310,21.9,25.9,,,,,
USW00023230,"OAKLAND INTERNATIONAL AIRPORT, CA US",01-08-2021,10.07,,0,,72,60,270,280,19.9,21.9,,,,,
USW00023230,"OAKLAND INTERNATIONAL AIRPORT, CA US",02-08-2021,10.96,,0,,74,57,290,280,18.1,19.9,,,,,
USW00023230,"OAKLAND INTERNATIONAL AIRPORT, CA US",03-08-2021,9.17,,0,,71,57,290,290,21,23,,,,,
USW00023230,"OAKLAND INTERNATIONAL AIRPORT, CA US",04-08-2021,10.74,,0,,68,57,280,290,21.9,25.1,1,,,,
USW00023230,"OAKLAND INTERNATIONAL AIRPORT, CA US",05-08-2021,10.74,,0,,68,59,270,280,18.1,21.9,,,,,1
USW00023230,"OAKLAND INTERNATIONAL AIRPORT, CA US",06-08-2021,9.17,,0,,75,58,280,290,17,19.9,,,,,
USW00023230,"OAKLAND INTERNATIONAL AIRPORT, CA US",07-08-2021,9.17,,0,,74,56,310,300,21,25.9,,,,,
USW00023230,"OAKLAND INTERNATIONAL AIRPORT, CA US",08-08-2021,8.72,,0,,75,58,310,310,21,25.1,,,,,
USW00023230,"OAKLAND INTERNATIONAL AIRPORT, CA US",09-08-2021,9.17,,0,,72,56,300,310,21.9,25.1,,,,,
USW00023230,"OAKLAND INTERNATIONAL AIRPORT, CA US",10-08-2021,8.72,,0,,78,58,300,300,19.9,23,,,,,
USW00023230,"OAKLAND INTERNATIONAL AIRPORT, CA US",11-08-2021,10.51,,0,,72,58,290,290,21.9,23.9,,,,,
USW00023230,"OAKLAND INTERNATIONAL AIRPORT, CA US",12-08-2021,10.07,,0,,73,60,290,300,21,23.9,,,,,
USW00023230,"OAKLAND INTERNATIONAL AIRPORT, CA US",13-08-2021,10.29,,0,,71,58,280,280,21.9,23.9,,,,,
USW00023230,"OAKLAND INTERNATIONAL AIRPORT, CA US",14-08-2021,9.84,,0,,71,59,300,290,21,23.9,,,,,
USW00023230,"OAKLAND INTERNATIONAL AIRPORT, CA US",15-08-2021,8.72,,0,,72,60,290,290,21.9,23.9,,,,,
USW00023230,"OAKLAND INTERNATIONAL AIRPORT, CA US",16-08-2021,8.28,,0,,73,59,280,280,19.9,21.9,,,,,
USW00023230,"OAKLAND INTERNATIONAL AIRPORT, CA US",17-08-2021,10.07,,0,,71,59,250,230,18.1,23.9,,,,,
USW00023230,"OAKLAND INTERNATIONAL AIRPORT, CA US",18-08-2021,8.5,,0,,74,57,300,300,18.1,23,,,,,
USW00023230,"OAKLAND INTERNATIONAL AIRPORT, CA US",19-08-2021,8.95,,0,,72,59,300,290,18.1,23.9,,,,,
USW00023230,"OAKLAND INTERNATIONAL AIRPORT, CA US",20-08-2021,8.95,,0,,69,61,280,310,18.1,23,,,,,
USW00023230,"OAKLAND INTERNATIONAL AIRPORT, CA US",21-08-2021,11.63,,0,,70,60,210,220,19.9,25.1,,,,,
USW00023230,"OAKLAND INTERNATIONAL AIRPORT, CA US",22-08-2021,8.05,,0,,72,58,300,310,18.1,21.9,,,,,
USW00023230,"OAKLAND INTERNATIONAL AIRPORT, CA US",23-08-2021,7.83,,0,,72,58,290,280,18.1,23,,,,,
USW00023230,"OAKLAND INTERNATIONAL AIRPORT, CA US",24-08-2021,9.17,,0,,71,59,290,320,18.1,21.9,,,,,
USW00023230,"OAKLAND INTERNATIONAL AIRPORT, CA US",25-08-2021,9.62,,0,,70,55,290,260,18.1,23.9,,,,,
USW00023230,"OAKLAND INTERNATIONAL AIRPORT, CA US",26-08-2021,6.93,,0,,78,53,290,290,16.1,19,,,,,
USW00023230,"OAKLAND INTERNATIONAL AIRPORT, CA US",27-08-2021,6.26,,0,,87,57,310,310,16.1,19,,,,,
USW00023230,"OAKLAND INTERNATIONAL AIRPORT, CA US",28-08-2021,6.04,,0,,89,59,310,300,16.1,19.9,1,,,,1
USW00023230,"OAKLAND INTERNATIONAL AIRPORT, CA US",29-08-2021,10.29,,0,,77,59,300,310,19.9,21.9,,,,,
USW00023230,"OAKLAND INTERNATIONAL AIRPORT, CA US",30-08-2021,8.05,,0,,73,56,290,290,21,23.9,,,,,1
USW00023230,"OAKLAND INTERNATIONAL AIRPORT, CA US",31-08-2021,8.05,,0,,71,53,290,280,18.1,23,,,,,
USW00023230,"OAKLAND INTERNATIONAL AIRPORT, CA US",01-09-2021,11.63,,0,,71,59,280,270,21.9,25.9,,,,,
USW00023230,"OAKLAND INTERNATIONAL AIRPORT, CA US",02-09-2021,9.62,,0,,69,57,290,220,16.1,21.9,,,,,1
USW00023230,"OAKLAND INTERNATIONAL AIRPORT, CA US",03-09-2021,8.5,,0,,70,53,290,280,18.1,21.9,,,,,1
USW00023230,"OAKLAND INTERNATIONAL AIRPORT, CA US",04-09-2021,6.93,,0,,76,51,300,290,16.1,18.1,1,,,,1
USW00023230,"OAKLAND INTERNATIONAL AIRPORT, CA US",05-09-2021,5.59,,0,,81,52,300,310,17,19,1,1,,,1
USW00023230,"OAKLAND INTERNATIONAL AIRPORT, CA US",06-09-2021,5.82,,0,,87,57,300,300,16.1,19,1,,,,
USW00023230,"OAKLAND INTERNATIONAL AIRPORT, CA US",07-09-2021,7.61,,0,,76,58,290,300,17,19,1,,,,
USW00023230,"OAKLAND INTERNATIONAL AIRPORT, CA US",08-09-2021,8.72,,0,,80,62,290,290,19.9,23,,,,,
USW00023230,"OAKLAND INTERNATIONAL AIRPORT, CA US",09-09-2021,11.18,,0,,71,61,290,280,21,23.9,,,,,
USW00023230,"OAKLAND INTERNATIONAL AIRPORT, CA US",10-09-2021,9.62,,0,,69,60,280,280,18.1,21.9,,,,,
USW00023230,"OAKLAND INTERNATIONAL AIRPORT, CA US",11-09-2021,7.38,,0,,73,55,290,290,21.9,23.9,,,,,
USW00023230,"OAKLAND INTERNATIONAL AIRPORT, CA US",12-09-2021,7.61,,0,,80,55,290,290,18.1,19.9,1,,,,
USW00023230,"OAKLAND INTERNATIONAL AIRPORT, CA US",13-09-2021,8.5,,0,,75,56,290,290,21,21.9,1,,,,
USW00023230,"OAKLAND INTERNATIONAL AIRPORT, CA US",14-09-2021,8.05,,0,,72,55,300,300,21,23.9,1,,,,
USW00023230,"OAKLAND INTERNATIONAL AIRPORT, CA US",15-09-2021,10.29,,0,,69,57,300,310,19.9,25.1,,,,,
USW00023230,"OAKLAND INTERNATIONAL AIRPORT, CA US",16-09-2021,7.61,,0,,68,58,280,290,18.1,21.9,,,,,
USW00023230,"OAKLAND INTERNATIONAL AIRPORT, CA US",17-09-2021,9.17,,0,,70,59,280,260,18.1,25.1,,,,,
USW00023230,"OAKLAND INTERNATIONAL AIRPORT, CA US",18-09-2021,9.17,,0,,72,55,200,200,16.1,23,,,,,
USW00023230,"OAKLAND INTERNATIONAL AIRPORT, CA US",19-09-2021,8.5,,0,,74,56,280,270,21,23,1,,,,
USW00023230,"OAKLAND INTERNATIONAL AIRPORT, CA US",20-09-2021,4.92,,0,,84,54,310,240,13,16.1,,,,,
USW00023230,"OAKLAND INTERNATIONAL AIRPORT, CA US",21-09-2021,5.82,,0,,88,57,310,320,15,18.1,,,,,
USW00023230,"OAKLAND INTERNATIONAL AIRPORT, CA US",22-09-2021,6.93,,0,,77,57,290,310,17,21,1,,,,
USW00023230,"OAKLAND INTERNATIONAL AIRPORT, CA US",23-09-2021,5.14,,0,,81,53,300,300,14.1,17,1,,,,1
USW00023230,"OAKLAND INTERNATIONAL AIRPORT, CA US",24-09-2021,8.72,,0,,74,57,300,300,17,19,,,,,
USW00023230,"OAKLAND INTERNATIONAL AIRPORT, CA US",25-09-2021,9.62,,0,,67,60,270,290,18.1,21.9,,,,,
USW00023230,"OAKLAND INTERNATIONAL AIRPORT, CA US",26-09-2021,11.63,,0,,66,60,280,280,21,23,,,,,
USW00023230,"OAKLAND INTERNATIONAL AIRPORT, CA US",27-09-2021,10.29,,0,,72,61,290,290,21,25.1,1,,,,1
USW00023230,"OAKLAND INTERNATIONAL AIRPORT, CA US",28-09-2021,10.51,,0,,74,56,270,270,19.9,23,,,,,
USW00023230,"OAKLAND INTERNATIONAL AIRPORT, CA US",29-09-2021,5.37,,0,,75,52,290,290,17,19,,,,,
USW00023230,"OAKLAND INTERNATIONAL AIRPORT, CA US",30-09-2021,4.92,,0,,83,50,310,310,13,16.1,,,,,
USW00023230,"OAKLAND INTERNATIONAL AIRPORT, CA US",01-10-2021,4.92,,0,,87,53,300,300,14.1,16.1,1,,,,
USW00023230,"OAKLAND INTERNATIONAL AIRPORT, CA US",02-10-2021,4.25,,0,,87,54,300,310,14.1,17,1,,,,
USW00023230,"OAKLAND INTERNATIONAL AIRPORT, CA US",03-10-2021,4.92,,0,,88,54,310,310,13,15,,,,,
USW00023230,"OAKLAND INTERNATIONAL AIRPORT, CA US",04-10-2021,5.37,,0,,85,54,310,310,14.1,16.1,,,,,
USW00023230,"OAKLAND INTERNATIONAL AIRPORT, CA US",05-10-2021,11.86,,0,,69,54,290,290,23,25.1,,,,,
USW00023230,"OAKLAND INTERNATIONAL AIRPORT, CA US",06-10-2021,8.5,,0,,66,58,270,280,16.1,23,,,,,
USW00023230,"OAKLAND INTERNATIONAL AIRPORT, CA US",07-10-2021,12.53,,0,,64,58,270,270,23,25.9,,,,,
USW00023230,"OAKLAND INTERNATIONAL AIRPORT, CA US",08-10-2021,16.33,,0,,66,56,260,270,28,35.1,,,,,
USW00023230,"OAKLAND INTERNATIONAL AIRPORT, CA US",09-10-2021,6.49,,0,,74,53,300,290,18.1,21,,,,,
USW00023230,"OAKLAND INTERNATIONAL AIRPORT, CA US",10-10-2021,5.59,,0,,73,49,290,290,19.9,21.9,,,,,
USW00023230,"OAKLAND INTERNATIONAL AIRPORT, CA US",11-10-2021,14.76,,0,,72,52,280,300,25.9,33.1,,,,,
USW00023230,"OAKLAND INTERNATIONAL AIRPORT, CA US",12-10-2021,11.41,,0,,72,49,280,280,23.9,28,,,,,
USW00023230,"OAKLAND INTERNATIONAL AIRPORT, CA US",13-10-2021,6.93,,0,,62,50,270,200,15,21,,,,,
USW00023230,"OAKLAND INTERNATIONAL AIRPORT, CA US",14-10-2021,4.92,,0,,74,45,280,250,17,19.9,,,,,
USW00023230,"OAKLAND INTERNATIONAL AIRPORT, CA US",15-10-2021,3.8,,0,,80,46,310,310,13,15,,,,,
USW00023230,"OAKLAND INTERNATIONAL AIRPORT, CA US",16-10-2021,4.7,,0,,83,48,300,300,13,16.1,,,,,
USW00023230,"OAKLAND INTERNATIONAL AIRPORT, CA US",17-10-2021,11.18,,0.03,,66,47,240,230,28,33.1,,,,,
USW00023230,"OAKLAND INTERNATIONAL AIRPORT, CA US",18-10-2021,11.86,,0,,63,48,270,270,23,27.1,,,,,
USW00023230,"OAKLAND INTERNATIONAL AIRPORT, CA US",19-10-2021,10.07,,0.01,,68,45,180,170,30,35.1,,,,,
USW00023230,"OAKLAND INTERNATIONAL AIRPORT, CA US",20-10-2021,9.84,,0.19,,66,58,150,150,25.1,30,1,,,,
USW00023230,"OAKLAND INTERNATIONAL AIRPORT, CA US",21-10-2021,11.86,,0.04,,72,63,150,200,18.1,21.9,1,,,,
USW00023230,"OAKLAND INTERNATIONAL AIRPORT, CA US",22-10-2021,10.07,,0.49,,66,57,260,260,28,33.1,1,,,,
USW00023230,"OAKLAND INTERNATIONAL AIRPORT, CA US",23-10-2021,8.72,,0.51,,66,57,150,150,23.9,30,1,,,,
USW00023230,"OAKLAND INTERNATIONAL AIRPORT, CA US",24-10-2021,19.91,,3.58,,65,58,180,180,35.1,45,1,,,,
USW00023230,"OAKLAND INTERNATIONAL AIRPORT, CA US",25-10-2021,12.53,,0.47,,65,57,260,250,23.9,29.1,1,,,,
USW00023230,"OAKLAND INTERNATIONAL AIRPORT, CA US",26-10-2021,6.26,,0,,66,54,140,130,14.1,16.1,,,,,
USW00023230,"OAKLAND INTERNATIONAL AIRPORT, CA US",27-10-2021,5.37,,0,,70,53,310,300,16.1,19,1,,,,
USW00023230,"OAKLAND INTERNATIONAL AIRPORT, CA US",28-10-2021,4.92,,0,,74,55,300,310,16.1,19.9,1,,,,
USW00023230,"OAKLAND INTERNATIONAL AIRPORT, CA US",29-10-2021,5.59,,0,,76,54,290,300,16.1,17,1,,,,
USW00023230,"OAKLAND INTERNATIONAL AIRPORT, CA US",30-10-2021,7.61,,0,,63,57,280,270,19.9,23,,,,,
USW00023230,"OAKLAND INTERNATIONAL AIRPORT, CA US",31-10-2021,6.71,,0,,,56,160,140,12.1,14.1,,,,,
USW00023230,"OAKLAND INTERNATIONAL AIRPORT, CA US",01-11-2021,10.07,,0.13,,64,59,140,140,21.9,25.9,1,,,,
USW00023230,"OAKLAND INTERNATIONAL AIRPORT, CA US",02-11-2021,3.58,,0.02,,67,56,300,310,13,15,1,,,,
USW00023230,"OAKLAND INTERNATIONAL AIRPORT, CA US",03-11-2021,4.92,,0,,70,50,310,310,12.1,14.1,1,,,,
USW00023230,"OAKLAND INTERNATIONAL AIRPORT, CA US",04-11-2021,7.16,,0.15,,66,52,270,240,16.1,23,1,,,,
USW00023230,"OAKLAND INTERNATIONAL AIRPORT, CA US",05-11-2021,4.92,,0,,63,47,280,280,16.1,17,1,,,,
USW00023230,"OAKLAND INTERNATIONAL AIRPORT, CA US",06-11-2021,4.7,,0,,64,51,330,330,13,17,,,,,
USW00023230,"OAKLAND INTERNATIONAL AIRPORT, CA US",07-11-2021,7.38,,0,,62,46,320,320,16.1,19,,,,,
USW00023230,"OAKLAND INTERNATIONAL AIRPORT, CA US",08-11-2021,7.61,,0.51,,61,45,150,160,36.9,42.9,1,,,,
USW00023230,"OAKLAND INTERNATIONAL AIRPORT, CA US",09-11-2021,12.3,,0.07,,66,52,150,140,29.1,36.9,1,,,,
USW00023230,"OAKLAND INTERNATIONAL AIRPORT, CA US",10-11-2021,4.7,,0,,65,54,310,310,13,15,1,,,,
USW00023230,"OAKLAND INTERNATIONAL AIRPORT, CA US",11-11-2021,3.58,,0,,68,50,310,310,14.1,16.1,1,,,,
USW00023230,"OAKLAND INTERNATIONAL AIRPORT, CA US",12-11-2021,3.58,,0,,68,49,310,310,14.1,16.1,1,,,,
USW00023230,"OAKLAND INTERNATIONAL AIRPORT, CA US",13-11-2021,3.58,,0,,71,48,300,150,13,16.1,1,1,,,1
USW00023230,"OAKLAND INTERNATIONAL AIRPORT, CA US",14-11-2021,3.58,,0,,66,49,300,310,15,17,1,,,,
USW00023230,"OAKLAND INTERNATIONAL AIRPORT, CA US",15-11-2021,2.68,,0,,61,48,280,300,12.1,13,1,,,,1
USW00023230,"OAKLAND INTERNATIONAL AIRPORT, CA US",16-11-2021,4.92,,0,,64,50,290,290,14.1,16.1,1,,,,
USW00023230,"OAKLAND INTERNATIONAL AIRPORT, CA US",17-11-2021,5.14,,0,,69,49,40,50,14.1,17,,,,,
USW00023230,"OAKLAND INTERNATIONAL AIRPORT, CA US",18-11-2021,4.47,,0,,61,47,300,300,14.1,16.1,1,,,,1
USW00023230,"OAKLAND INTERNATIONAL AIRPORT, CA US",19-11-2021,5.14,,0.01,,63,52,310,310,12.1,14.1,1,,,,1
USW00023230,"OAKLAND INTERNATIONAL AIRPORT, CA US",20-11-2021,4.25,,0,,65,46,290,310,12.1,14.1,1,1,,,
USW00023230,"OAKLAND INTERNATIONAL AIRPORT, CA US",21-11-2021,6.26,,0,,70,45,80,50,13,17,,,,,
USW00023230,"OAKLAND INTERNATIONAL AIRPORT, CA US",22-11-2021,4.03,,0,,65,42,310,300,14.1,16.1,1,,,,
USW00023230,"OAKLAND INTERNATIONAL AIRPORT, CA US",23-11-2021,3.58,,0,,63,43,40,190,8.1,11,1,,,,
USW00023230,"OAKLAND INTERNATIONAL AIRPORT, CA US",24-11-2021,3.8,,0,,67,38,40,40,13,17,,,,,
USW00023230,"OAKLAND INTERNATIONAL AIRPORT, CA US",25-11-2021,4.7,,0,,64,42,310,300,12.1,13,,,,,1
USW00023230,"OAKLAND INTERNATIONAL AIRPORT, CA US",26-11-2021,4.92,,0,,64,45,120,130,13,16.1,1,,,,1
USW00023230,"OAKLAND INTERNATIONAL AIRPORT, CA US",27-11-2021,3.58,,0,,68,44,310,300,13,14.1,,,,,
USW00023230,"OAKLAND INTERNATIONAL AIRPORT, CA US",28-11-2021,3.36,,0,,68,46,310,310,12.1,13,1,,,,1
USW00023230,"OAKLAND INTERNATIONAL AIRPORT, CA US",29-11-2021,3.36,,0,,68,45,310,300,12.1,13,1,,,,1
USW00023230,"OAKLAND INTERNATIONAL AIRPORT, CA US",30-11-2021,2.24,,0,,69,43,300,300,12.1,12.1,1,,,,1
USW00023230,"OAKLAND INTERNATIONAL AIRPORT, CA US",01-12-2021,3.8,,0,,67,46,180,100,10.1,17,1,,,,1
USW00023230,"OAKLAND INTERNATIONAL AIRPORT, CA US",02-12-2021,3.8,,0,,64,45,300,300,18.1,21.9,1,,,,1
USW00023230,"OAKLAND INTERNATIONAL AIRPORT, CA US",03-12-2021,3.13,,0,,56,52,300,280,8.9,11,1,,,,1
USW00023230,"OAKLAND INTERNATIONAL AIRPORT, CA US",04-12-2021,4.03,,0,,58,52,290,280,12.1,14.1,,,,,
USW00023230,"OAKLAND INTERNATIONAL AIRPORT, CA US",05-12-2021,3.8,,0,,60,45,330,330,8.1,11,1,,,,
USW00023230,"OAKLAND INTERNATIONAL AIRPORT, CA US",06-12-2021,2.24,,0.04,,53,43,300,330,10.1,13,1,1,,,1
USW00023230,"OAKLAND INTERNATIONAL AIRPORT, CA US",07-12-2021,5.14,,0.02,,60,48,300,300,13,16.1,1,,,,
USW00023230,"OAKLAND INTERNATIONAL AIRPORT, CA US",08-12-2021,6.93,,0.01,,56,49,270,270,15,17,1,,,,
USW00023230,"OAKLAND INTERNATIONAL AIRPORT, CA US",09-12-2021,9.62,,0,,58,46,270,280,25.1,29.1,,,,,
USW00023230,"OAKLAND INTERNATIONAL AIRPORT, CA US",10-12-2021,4.25,,0,,56,37,290,290,10.1,12.1,,,,,
USW00023230,"OAKLAND INTERNATIONAL AIRPORT, CA US",11-12-2021,5.37,,0,,55,35,140,140,15,17,,,,,
USW00023230,"OAKLAND INTERNATIONAL AIRPORT, CA US",12-12-2021,16.55,,0.38,,55,47,150,150,25.9,34,1,,,,
USW00023230,"OAKLAND INTERNATIONAL AIRPORT, CA US",13-12-2021,15.43,,3.39,,58,45,160,150,25.9,33.1,1,,,,
USW00023230,"OAKLAND INTERNATIONAL AIRPORT, CA US",14-12-2021,9.4,,0.17,,52,43,280,300,21.9,29.1,1,,,,
USW00023230,"OAKLAND INTERNATIONAL AIRPORT, CA US",15-12-2021,19.01,,0.23,,53,44,150,160,30,36,1,,,,
USW00023230,"OAKLAND INTERNATIONAL AIRPORT, CA US",16-12-2021,6.49,,0.53,,57,45,40,200,14.1,17,1,,,,
USW00023230,"OAKLAND INTERNATIONAL AIRPORT, CA US",17-12-2021,4.47,,0,,54,38,310,310,12.1,14.1,,,,,
USW00023230,"OAKLAND INTERNATIONAL AIRPORT, CA US",18-12-2021,7.16,,0,,56,37,70,70,13,16.1,,,,,
USW00023230,"OAKLAND INTERNATIONAL AIRPORT, CA US",19-12-2021,6.04,,0,,50,35,80,80,14.1,16.1,1,,,,1
USW00023230,"OAKLAND INTERNATIONAL AIRPORT, CA US",20-12-2021,10.96,,0,,54,43,60,60,19.9,21,,,,,
USW00023230,"OAKLAND INTERNATIONAL AIRPORT, CA US",21-12-2021,8.28,,0.21,,52,41,90,80,15,19.9,1,,,,
USW00023230,"OAKLAND INTERNATIONAL AIRPORT, CA US",22-12-2021,4.92,,0.01,,55,46,110,100,10.1,12.1,1,,,,
USW00023230,"OAKLAND INTERNATIONAL AIRPORT, CA US",23-12-2021,7.16,,1.92,,58,52,210,210,23,27.1,1,,,,
USW00023230,"OAKLAND INTERNATIONAL AIRPORT, CA US",24-12-2021,11.18,,0.13,,55,50,270,290,21.9,27.1,1,,,,
USW00023230,"OAKLAND INTERNATIONAL AIRPORT, CA US",25-12-2021,14.99,,1.02,,53,45,290,270,30,38,1,,,,
USW00023230,"OAKLAND INTERNATIONAL AIRPORT, CA US",26-12-2021,11.41,,0.14,,51,40,280,290,25.9,32,1,,,,
USW00023230,"OAKLAND INTERNATIONAL AIRPORT, CA US",27-12-2021,14.76,,0.09,,51,44,290,290,29.1,32,1,,,,1
USW00023230,"OAKLAND INTERNATIONAL AIRPORT, CA US",28-12-2021,6.71,,0.01,,48,41,290,290,17,19.9,,,,,
USW00023230,"OAKLAND INTERNATIONAL AIRPORT, CA US",29-12-2021,10.07,,0.51,,51,43,140,150,23,27.1,1,,,,
USW00023230,"OAKLAND INTERNATIONAL AIRPORT, CA US",30-12-2021,5.14,,0,,52,40,300,280,14.1,17,,,,,
USW00023230,"OAKLAND INTERNATIONAL AIRPORT, CA US",31-12-2021,6.93,,0,,53,36,330,340,15,19.9,,,,,
USW00023230,"OAKLAND INTERNATIONAL AIRPORT, CA US",01-01-2022,3.58,,0,,51,35,10,340,8.9,13,,,,,
USW00023230,"OAKLAND INTERNATIONAL AIRPORT, CA US",02-01-2022,2.91,,0,,55,32,300,310,13,14.1,,,,,
USW00023230,"OAKLAND INTERNATIONAL AIRPORT, CA US",03-01-2022,10.74,,0.13,,54,42,170,170,21,25.9,1,,,,
USW00023230,"OAKLAND INTERNATIONAL AIRPORT, CA US",04-01-2022,6.26,,0.1,,57,51,160,160,17,21,1,,,,
USW00023230,"OAKLAND INTERNATIONAL AIRPORT, CA US",05-01-2022,4.47,,0,,57,50,300,160,10.1,13,1,,,,
USW00023230,"OAKLAND INTERNATIONAL AIRPORT, CA US",06-01-2022,4.03,,0,,55,51,300,300,10.1,13,1,,,,
USW00023230,"OAKLAND INTERNATIONAL AIRPORT, CA US",07-01-2022,6.71,,0.02,,56,46,280,140,13,16.1,1,,,,
USW00023230,"OAKLAND INTERNATIONAL AIRPORT, CA US",08-01-2022,3.58,,0,,56,41,90,80,12.1,14.1,1,,,,
USW00023230,"OAKLAND INTERNATIONAL AIRPORT, CA US",09-01-2022,6.71,,0,,61,40,60,60,15,18.1,,,,,
USW00023230,"OAKLAND INTERNATIONAL AIRPORT, CA US",10-01-2022,4.47,,0,,58,45,180,180,12.1,13,1,,,,1
USW00023230,"OAKLAND INTERNATIONAL AIRPORT, CA US",11-01-2022,2.24,,0,,60,41,310,250,13,16.1,,,,,
USW00023230,"OAKLAND INTERNATIONAL AIRPORT, CA US",12-01-2022,4.92,,0,,59,41,90,90,15,17,1,,,,1
USW00023230,"OAKLAND INTERNATIONAL AIRPORT, CA US",13-01-2022,2.91,,0,,56,45,320,310,10.1,13,1,,,,1
USW00023230,"OAKLAND INTERNATIONAL AIRPORT, CA US",14-01-2022,3.58,,0,,61,39,310,310,12.1,13,1,1,,,
USW00023230,"OAKLAND INTERNATIONAL AIRPORT, CA US",15-01-2022,5.59,,0,,60,45,90,90,13,15,,,,,
USW00023230,"OAKLAND INTERNATIONAL AIRPORT, CA US",16-01-2022,2.68,,0,,61,46,290,280,12.1,13,,,,,
USW00023230,"OAKLAND INTERNATIONAL AIRPORT, CA US",17-01-2022,2.91,,0,,60,44,310,310,10.1,13,1,,,,
USW00023230,"OAKLAND INTERNATIONAL AIRPORT, CA US",18-01-2022,4.03,,0,,55,42,280,280,13,14.1,1,,,,
USW00023230,"OAKLAND INTERNATIONAL AIRPORT, CA US",19-01-2022,2.24,,0,,56,43,290,300,10.1,12.1,1,,,,
USW00023230,"OAKLAND INTERNATIONAL AIRPORT, CA US",20-01-2022,2.46,,0,,60,40,290,280,8.9,11,1,1,,,
USW00023230,"OAKLAND INTERNATIONAL AIRPORT, CA US",21-01-2022,5.82,,0,,68,41,50,50,44.1,57,1,,,,
USW00023230,"OAKLAND INTERNATIONAL AIRPORT, CA US",22-01-2022,10.07,,0,,69,44,50,10,32,45,,,,,
USW00023230,"OAKLAND INTERNATIONAL AIRPORT, CA US",23-01-2022,2.91,,0,,60,41,170,160,8.9,10.1,1,,,,
USW00023230,"OAKLAND INTERNATIONAL AIRPORT, CA US",24-01-2022,4.47,,0,,60,39,290,290,15,17,1,,,,1
USW00023230,"OAKLAND INTERNATIONAL AIRPORT, CA US",25-01-2022,4.7,,0,,57,43,290,300,12.1,13,1,,,,1
USW00023230,"OAKLAND INTERNATIONAL AIRPORT, CA US",26-01-2022,2.68,,0,,57,41,230,290,6.9,8.9,1,,,,1
USW00023230,"OAKLAND INTERNATIONAL AIRPORT, CA US",27-01-2022,3.13,,0,,67,39,100,310,8.9,12.1,1,,,,
USW00023230,"OAKLAND INTERNATIONAL AIRPORT, CA US",28-01-2022,3.58,,0,,64,39,80,90,15,19,,,,,
USW00023230,"OAKLAND INTERNATIONAL AIRPORT, CA US",29-01-2022,3.8,,0,,62,39,280,310,8.9,12.1,1,,,,1
USW00023230,"OAKLAND INTERNATIONAL AIRPORT, CA US",30-01-2022,4.92,,0,,59,39,280,290,14.1,18.1,1,,,,1
USW00023230,"OAKLAND INTERNATIONAL AIRPORT, CA US",31-01-2022,3.8,,0,,58,43,220,210,8.9,16.1,1,,,,
USW00023230,"OAKLAND INTERNATIONAL AIRPORT, CA US",01-02-2022,8.95,,0,,63,39,20,30,21.9,27.1,1,,,,
USW00023230,"OAKLAND INTERNATIONAL AIRPORT, CA US",02-02-2022,12.3,,0,,64,43,10,20,28,40.9,,,,,
USW00023230,"OAKLAND INTERNATIONAL AIRPORT, CA US",03-02-2022,3.8,,0,,60,37,290,300,12.1,14.1,,,,,
USW00023230,"OAKLAND INTERNATIONAL AIRPORT, CA US",04-02-2022,3.8,,0,,62,38,320,310,12.1,16.1,1,,,,
USW00023230,"OAKLAND INTERNATIONAL AIRPORT, CA US",05-02-2022,2.46,,0,,63,39,130,220,8.1,10.1,1,,,,1
USW00023230,"OAKLAND INTERNATIONAL AIRPORT, CA US",06-02-2022,4.92,,0,,65,36,280,310,12.1,13,1,,,,
USW00023230,"OAKLAND INTERNATIONAL AIRPORT, CA US",07-02-2022,2.91,,0,,62,38,280,280,8.9,12.1,1,1,,,1
USW00023230,"OAKLAND INTERNATIONAL AIRPORT, CA US",08-02-2022,3.36,,0,,69,39,260,270,8.1,11,,,,,
USW00023230,"OAKLAND INTERNATIONAL AIRPORT, CA US",09-02-2022,4.92,,0,,76,44,40,60,14.1,21.9,,,,,
USW00023230,"OAKLAND INTERNATIONAL AIRPORT, CA US",10-02-2022,5.82,,0,,73,49,310,310,13,17,,,,,
USW00023230,"OAKLAND INTERNATIONAL AIRPORT, CA US",11-02-2022,3.58,,0,,73,46,310,270,8.9,11,1,,,,
USW00023230,"OAKLAND INTERNATIONAL AIRPORT, CA US",12-02-2022,2.91,,0,,70,46,280,270,8.1,10.1,1,,,,
USW00023230,"OAKLAND INTERNATIONAL AIRPORT, CA US",13-02-2022,4.25,,0,,69,45,300,300,10.1,12.1,1,1,,,1
USW00023230,"OAKLAND INTERNATIONAL AIRPORT, CA US",14-02-2022,12.97,,0,,55,50,280,270,25.9,33.1,1,1,,,1
USW00023230,"OAKLAND INTERNATIONAL AIRPORT, CA US",15-02-2022,9.84,,0,,61,45,300,330,18.1,25.9,,,,,
USW00023230,"OAKLAND INTERNATIONAL AIRPORT, CA US",16-02-2022,9.17,,0,,67,41,10,350,21,30,,,,,
USW00023230,"OAKLAND INTERNATIONAL AIRPORT, CA US",17-02-2022,6.93,,0,,67,46,20,30,16.1,19.9,,,,,
USW00023230,"OAKLAND INTERNATIONAL AIRPORT, CA US",18-02-2022,3.8,,0,,65,41,300,280,13,14.1,,,,,
USW00023230,"OAKLAND INTERNATIONAL AIRPORT, CA US",19-02-2022,4.92,,0,,69,43,290,290,15,17,,,,,
USW00023230,"OAKLAND INTERNATIONAL AIRPORT, CA US",20-02-2022,11.63,,0,,57,47,280,270,30,35.1,1,,,,
USW00023230,"OAKLAND INTERNATIONAL AIRPORT, CA US",21-02-2022,13.65,,0,,58,40,280,290,30,36,,,,,
USW00023230,"OAKLAND INTERNATIONAL AIRPORT, CA US",22-02-2022,14.99,,0,,54,40,280,280,28,33.1,,,,,
USW00023230,"OAKLAND INTERNATIONAL AIRPORT, CA US",23-02-2022,8.28,,0,,55,36,270,250,18.1,28,,,,,
USW00023230,"OAKLAND INTERNATIONAL AIRPORT, CA US",24-02-2022,6.71,,0,,56,33,280,280,15,19,,,,,
USW00023230,"OAKLAND INTERNATIONAL AIRPORT, CA US",25-02-2022,4.92,,0,,59,35,290,280,16.1,18.1,,,,,
USW00023230,"OAKLAND INTERNATIONAL AIRPORT, CA US",26-02-2022,4.25,,0,,59,35,290,280,10.1,13,,,,,
USW00023230,"OAKLAND INTERNATIONAL AIRPORT, CA US",27-02-2022,5.14,,0,,67,40,310,310,13,16.1,,,,,
USW00023230,"OAKLAND INTERNATIONAL AIRPORT, CA US",28-02-2022,3.58,,0,,72,40,310,310,13,17,1,,,,
USW00023230,"OAKLAND INTERNATIONAL AIRPORT, CA US",01-03-2022,5.82,,0,,65,43,270,260,13,16.1,1,,,,
USW00023230,"OAKLAND INTERNATIONAL AIRPORT, CA US",02-03-2022,4.25,,0,,66,48,270,260,13,18.1,1,1,,,
USW00023230,"OAKLAND INTERNATIONAL AIRPORT, CA US",03-03-2022,3.8,,0.04,,57,47,290,270,10.1,13,1,,1,,
USW00023230,"OAKLAND INTERNATIONAL AIRPORT, CA US",04-03-2022,14.99,,0.05,,59,46,280,280,40.9,51,1,,,,
USW00023230,"OAKLAND INTERNATIONAL AIRPORT, CA US",05-03-2022,10.51,,0,,58,41,290,300,23,27.1,,,,,
USW00023230,"OAKLAND INTERNATIONAL AIRPORT, CA US",06-03-2022,7.16,,0,,59,39,270,260,18.1,21.9,,,,,
USW00023230,"OAKLAND INTERNATIONAL AIRPORT, CA US",07-03-2022,5.59,,0,,70,37,40,50,16.1,21.9,1,,,,
USW00023230,"OAKLAND INTERNATIONAL AIRPORT, CA US",08-03-2022,5.59,,0,,70,40,280,260,16.1,21,,,,,
USW00023230,"OAKLAND INTERNATIONAL AIRPORT, CA US",09-03-2022,7.61,,0,,64,42,280,280,18.1,21.9,,,,,
USW00023230,"OAKLAND INTERNATIONAL AIRPORT, CA US",10-03-2022,6.71,,0,,68,41,300,300,19.9,25.9,1,,,,
USW00023230,"OAKLAND INTERNATIONAL AIRPORT, CA US",11-03-2022,5.37,,0,,69,38,290,290,16.1,19,,,,,1
USW00023230,"OAKLAND INTERNATIONAL AIRPORT, CA US",12-03-2022,8.05,,0.01,,60,39,280,280,23.9,28,1,,,,
USW00023230,"OAKLAND INTERNATIONAL AIRPORT, CA US",13-03-2022,9.17,,0.03,,62,49,270,280,16.1,27.1,1,,,,
USW00023230,"OAKLAND INTERNATIONAL AIRPORT, CA US",14-03-2022,5.59,,0,,66,41,290,290,17,21.9,,,,,
USW00023230,"OAKLAND INTERNATIONAL AIRPORT, CA US",15-03-2022,8.5,,0.12,,64,51,270,270,18.1,21,1,,,,
USW00023230,"OAKLAND INTERNATIONAL AIRPORT, CA US",16-03-2022,7.61,,0,,64,45,290,280,18.1,23,,,,,
USW00023230,"OAKLAND INTERNATIONAL AIRPORT, CA US",17-03-2022,8.5,,0,,60,48,280,280,16.1,21,,,,,
USW00023230,"OAKLAND INTERNATIONAL AIRPORT, CA US",18-03-2022,6.93,,0,,67,43,280,270,21,25.1,,,,,
USW00023230,"OAKLAND INTERNATIONAL AIRPORT, CA US",19-03-2022,9.17,,0.01,,58,50,300,310,16.1,23,,,,,
USW00023230,"OAKLAND INTERNATIONAL AIRPORT, CA US",20-03-2022,10.74,,0,,64,45,270,260,21,23.9,,,,,
USW00023230,"OAKLAND INTERNATIONAL AIRPORT, CA US",21-03-2022,4.92,,0,,66,44,280,290,15,17,,,,,
USW00023230,"OAKLAND INTERNATIONAL AIRPORT, CA US",22-03-2022,6.26,,0,,78,48,290,260,15,19,,,,,
USW00023230,"OAKLAND INTERNATIONAL AIRPORT, CA US",23-03-2022,9.62,,0,,61,48,280,300,18.1,21.9,,,,,
USW00023230,"OAKLAND INTERNATIONAL AIRPORT, CA US",24-03-2022,8.72,,0,,61,45,280,280,21.9,25.1,,,,,
USW00023230,"OAKLAND INTERNATIONAL AIRPORT, CA US",25-03-2022,9.84,,0,,61,48,280,270,18.1,21.9,1,,,,
USW00023230,"OAKLAND INTERNATIONAL AIRPORT, CA US",26-03-2022,7.83,,0,,64,42,270,250,15,21,,,,,
USW00023230,"OAKLAND INTERNATIONAL AIRPORT, CA US",27-03-2022,11.41,,0.16,,65,50,190,190,28,32,,,,,
USW00023230,"OAKLAND INTERNATIONAL AIRPORT, CA US",28-03-2022,10.51,,0.2,,63,49,120,120,23.9,30,1,,,,
USW00023230,"OAKLAND INTERNATIONAL AIRPORT, CA US",29-03-2022,10.51,,0,,59,51,270,240,21,29.1,,,,,
USW00023230,"OAKLAND INTERNATIONAL AIRPORT, CA US",30-03-2022,14.09,,0,,59,50,280,250,23,29.1,,,,,1
USW00023230,"OAKLAND INTERNATIONAL AIRPORT, CA US",31-03-2022,6.04,,0,,64,47,270,260,17,19.9,,,,,
USW00023230,"OAKLAND INTERNATIONAL AIRPORT, CA US",01-04-2022,6.49,,0,,68,45,280,270,17,23.9,,,,,
USW00023230,"OAKLAND INTERNATIONAL AIRPORT, CA US",02-04-2022,7.16,,0,,70,46,260,190,15,23,,,,,
USW00023230,"OAKLAND INTERNATIONAL AIRPORT, CA US",03-04-2022,9.84,,0,,65,46,280,270,23.9,31.1,,,,,
USW00023230,"OAKLAND INTERNATIONAL AIRPORT, CA US",04-04-2022,12.53,,0,,65,48,280,290,23.9,29.1,,,,,
USW00023230,"OAKLAND INTERNATIONAL AIRPORT, CA US",05-04-2022,9.4,,0,,69,49,280,280,21,23.9,,,,,
USW00023230,"OAKLAND INTERNATIONAL AIRPORT, CA US",06-04-2022,5.14,,0,,80,46,300,300,16.1,21,,,,,
USW00023230,"OAKLAND INTERNATIONAL AIRPORT, CA US",07-04-2022,4.92,,0,,86,51,300,310,15,18.1,,,,,
USW00023230,"OAKLAND INTERNATIONAL AIRPORT, CA US",08-04-2022,7.38,,0,,72,53,270,250,18.1,25.9,,,,,
USW00023230,"OAKLAND INTERNATIONAL AIRPORT, CA US",09-04-2022,6.93,,0,,68,47,270,270,18.1,23,,,,,
USW00023230,"OAKLAND INTERNATIONAL AIRPORT, CA US",10-04-2022,12.53,,0,,68,51,290,290,25.1,30,,,,,
USW00023230,"OAKLAND INTERNATIONAL AIRPORT, CA US",11-04-2022,23.04,,0.08,,58,47,290,290,38,57,1,,,,
USW00023230,"OAKLAND INTERNATIONAL AIRPORT, CA US",12-04-2022,16.78,,0,,59,46,290,290,30,40.9,,,,,
USW00023230,"OAKLAND INTERNATIONAL AIRPORT, CA US",13-04-2022,8.5,,0,,59,42,260,250,18.1,25.1,,,,,
USW00023230,"OAKLAND INTERNATIONAL AIRPORT, CA US",14-04-2022,12.3,,0.05,,59,51,240,220,18.1,33.1,1,,,,
USW00023230,"OAKLAND INTERNATIONAL AIRPORT, CA US",15-04-2022,8.72,,0,,62,48,280,320,19.9,23.9,,,,,
USW00023230,"OAKLAND INTERNATIONAL AIRPORT, CA US",16-04-2022,15.21,,0.41,,60,48,160,150,25.1,32,1,,,,
USW00023230,"OAKLAND INTERNATIONAL AIRPORT, CA US",17-04-2022,10.74,,0,,59,46,280,270,19.9,23.9,,,,,
USW00023230,"OAKLAND INTERNATIONAL AIRPORT, CA US",18-04-2022,8.28,,0,,67,43,260,250,21.9,27.1,,,,,
USW00023230,"OAKLAND INTERNATIONAL AIRPORT, CA US",19-04-2022,9.17,,0.04,,64,50,260,250,17,25.9,1,,,,
USW00023230,"OAKLAND INTERNATIONAL AIRPORT, CA US",20-04-2022,12.53,,0.12,,67,50,180,230,23,29.1,1,,,,
USW00023230,"OAKLAND INTERNATIONAL AIRPORT, CA US",21-04-2022,12.75,,0.28,,63,54,260,230,23,33.1,1,,,,
USW00023230,"OAKLAND INTERNATIONAL AIRPORT, CA US",22-04-2022,11.41,,0,,63,51,280,270,21.9,29.1,,,,,
USW00023230,"OAKLAND INTERNATIONAL AIRPORT, CA US",23-04-2022,8.05,,0,,68,46,290,280,21,23.9,,,,,
USW00023230,"OAKLAND INTERNATIONAL AIRPORT, CA US",24-04-2022,8.5,,0,,68,47,280,290,19.9,23,,,,,
USW00023230,"OAKLAND INTERNATIONAL AIRPORT, CA US",25-04-2022,11.41,,0,,67,47,280,280,21.9,27.1,,,,,
USW00023230,"OAKLAND INTERNATIONAL AIRPORT, CA US",26-04-2022,11.63,,0,,63,51,250,270,21,31.1,,,,,
USW00023230,"OAKLAND INTERNATIONAL AIRPORT, CA US",27-04-2022,14.32,,0,,62,48,270,270,28,35.1,,,,,
USW00023230,"OAKLAND INTERNATIONAL AIRPORT, CA US",28-04-2022,17.9,,0,,62,47,280,280,25.1,33.1,,,,,
USW00023230,"OAKLAND INTERNATIONAL AIRPORT, CA US",29-04-2022,7.61,,0,,68,44,270,250,19.9,25.9,,,,,
USW00023230,"OAKLAND INTERNATIONAL AIRPORT, CA US",30-04-2022,13.2,,0,,67,49,280,270,25.9,33.1,,,,,
USW00023230,"OAKLAND INTERNATIONAL AIRPORT, CA US",01-05-2022,10.07,,0,,68,45,250,250,23,27.1,,,,,
USW00023230,"OAKLAND INTERNATIONAL AIRPORT, CA US",02-05-2022,13.42,,0,,65,51,280,260,23,29.1,,,,,
USW00023230,"OAKLAND INTERNATIONAL AIRPORT, CA US",03-05-2022,8.5,,0,,74,45,270,270,21,25.9,,,,,
USW00023230,"OAKLAND INTERNATIONAL AIRPORT, CA US",04-05-2022,8.72,,0,,75,47,300,290,21.9,28,,,,,1
USW00023230,"OAKLAND INTERNATIONAL AIRPORT, CA US",05-05-2022,9.62,,0,,64,51,270,270,18.1,25.9,,,,,
USW00023230,"OAKLAND INTERNATIONAL AIRPORT, CA US",06-05-2022,8.5,,0,,68,56,270,310,17,23,1,,,,
USW00023230,"OAKLAND INTERNATIONAL AIRPORT, CA US",07-05-2022,16.11,,0,,67,54,290,290,25.9,40.9,,,,,1
USW00023230,"OAKLAND INTERNATIONAL AIRPORT, CA US",08-05-2022,19.91,,0,,62,50,280,290,33.1,47,,,,,
USW00023230,"OAKLAND INTERNATIONAL AIRPORT, CA US",09-05-2022,12.75,,0,,60,48,270,260,21,27.1,,,,,
USW00023230,"OAKLAND INTERNATIONAL AIRPORT, CA US",10-05-2022,14.99,,0,,61,47,280,300,28,36.9,,,,,
USW00023230,"OAKLAND INTERNATIONAL AIRPORT, CA US",11-05-2022,11.41,,0,,64,41,280,280,23.9,29.1,,,,,
USW00023230,"OAKLAND INTERNATIONAL AIRPORT, CA US",12-05-2022,10.07,,0,,63,44,280,270,21.9,32,,,,,1
USW00023230,"OAKLAND INTERNATIONAL AIRPORT, CA US",13-05-2022,8.72,,0,,70,47,300,280,18.1,21.9,,,,,
USW00023230,"OAKLAND INTERNATIONAL AIRPORT, CA US",14-05-2022,8.28,,0,,71,50,290,280,19.9,21.9,,,,,
USW00023230,"OAKLAND INTERNATIONAL AIRPORT, CA US",15-05-2022,11.63,,0,,66,51,280,280,21.9,28,,,,,
USW00023230,"OAKLAND INTERNATIONAL AIRPORT, CA US",16-05-2022,16.11,,0,,65,53,270,280,23.9,30,,,,,
USW00023230,"OAKLAND INTERNATIONAL AIRPORT, CA US",17-05-2022,10.07,,0,,67,49,270,270,19.9,25.1,1,,,,
USW00023230,"OAKLAND INTERNATIONAL AIRPORT, CA US",18-05-2022,6.71,,0,,75,49,210,220,15,19,,,,,
USW00023230,"OAKLAND INTERNATIONAL AIRPORT, CA US",19-05-2022,8.95,,0,,69,54,270,270,25.1,29.1,,,,,
USW00023230,"OAKLAND INTERNATIONAL AIRPORT, CA US",20-05-2022,12.08,,0,,75,52,270,270,25.1,32,,,,,
USW00023230,"OAKLAND INTERNATIONAL AIRPORT, CA US",21-05-2022,9.17,,0,,74,48,290,290,23,25.9,,,,,
USW00023230,"OAKLAND INTERNATIONAL AIRPORT, CA US",22-05-2022,7.61,,0,,70,49,280,280,21,23.9,,,,,
USW00023230,"OAKLAND INTERNATIONAL AIRPORT, CA US",23-05-2022,8.05,,0,,71,50,280,280,19.9,23,,,,,1
USW00023230,"OAKLAND INTERNATIONAL AIRPORT, CA US",24-05-2022,5.37,,0,,86,52,310,,13,,,,,,
USW00023230,"OAKLAND INTERNATIONAL AIRPORT, CA US",25-05-2022,8.5,,0,,81,54,310,300,21,27.1,,,,,
USW00023230,"OAKLAND INTERNATIONAL AIRPORT, CA US",26-05-2022,9.62,,0,,69,53,280,280,21,25.1,,,,,
USW00023230,"OAKLAND INTERNATIONAL AIRPORT, CA US",27-05-2022,11.41,,0,,67,53,280,290,21.9,28,,,,,
USW00023230,"OAKLAND INTERNATIONAL AIRPORT, CA US",28-05-2022,12.3,,0,,68,55,260,250,21,25.9,,,,,
USW00023230,"OAKLAND INTERNATIONAL AIRPORT, CA US",29-05-2022,11.41,,0,,70,52,260,260,21,29.1,,,,,
USW00023230,"OAKLAND INTERNATIONAL AIRPORT, CA US",30-05-2022,9.84,,0,,70,49,270,300,21,23.9,,,,,
USW00023230,"OAKLAND INTERNATIONAL AIRPORT, CA US",31-05-2022,8.05,,0,,75,48,290,290,21,25.1,,,,,
USW00023230,"OAKLAND INTERNATIONAL AIRPORT, CA US",01-06-2022,8.28,,0,,74,50,280,270,19.9,23.9,1,,,,
USW00023230,"OAKLAND INTERNATIONAL AIRPORT, CA US",02-06-2022,10.51,,0,,67,53,280,240,18.1,25.9,,,,,
USW00023230,"OAKLAND INTERNATIONAL AIRPORT, CA US",03-06-2022,9.62,,0,,69,54,260,260,19.9,25.9,1,,,,
USW00023230,"OAKLAND INTERNATIONAL AIRPORT, CA US",04-06-2022,6.93,,0.02,,70,57,240,260,18.1,25.1,,,,,
USW00023230,"OAKLAND INTERNATIONAL AIRPORT, CA US",05-06-2022,7.61,,0.25,,73,60,300,300,18.1,21.9,1,,,,
USW00023230,"OAKLAND INTERNATIONAL AIRPORT, CA US",06-06-2022,8.95,,0,,70,55,260,240,17,30,,,,,
USW00023230,"OAKLAND INTERNATIONAL AIRPORT, CA US",07-06-2022,9.4,,0,,67,51,270,280,21,25.9,,,,,
USW00023230,"OAKLAND INTERNATIONAL AIRPORT, CA US",08-06-2022,10.51,,0,,68,55,270,270,21,25.1,,,,,
USW00023230,"OAKLAND INTERNATIONAL AIRPORT, CA US",09-06-2022,6.26,,0,,78,53,270,240,14.1,19.9,,,,,
USW00023230,"OAKLAND INTERNATIONAL AIRPORT, CA US",10-06-2022,6.26,,0,,86,59,280,230,18.1,21.9,,,,,
USW00023230,"OAKLAND INTERNATIONAL AIRPORT, CA US",11-06-2022,7.83,,0,,79,60,280,260,19.9,23.9,,,,,
USW00023230,"OAKLAND INTERNATIONAL AIRPORT, CA US",12-06-2022,11.41,,0,,75,57,260,250,23.9,29.1,,,,,
USW00023230,"OAKLAND INTERNATIONAL AIRPORT, CA US",13-06-2022,8.5,,0,,73,52,270,240,21,25.1,,,,,
USW00023230,"OAKLAND INTERNATIONAL AIRPORT, CA US",14-06-2022,8.28,,0,,78,53,290,290,19.9,25.1,,,,,
USW00023230,"OAKLAND INTERNATIONAL AIRPORT, CA US",15-06-2022,9.62,,0,,70,54,270,290,23,28,,,,,
USW00023230,"OAKLAND INTERNATIONAL AIRPORT, CA US",16-06-2022,16.11,,0,,69,51,280,280,36,46.1,,,,,
USW00023230,"OAKLAND INTERNATIONAL AIRPORT, CA US",17-06-2022,13.87,,0,,67,55,280,280,23,28,,,,,
USW00023230,"OAKLAND INTERNATIONAL AIRPORT, CA US",18-06-2022,10.74,,0,,69,50,290,300,21.9,29.1,,,,,
USW00023230,"OAKLAND INTERNATIONAL AIRPORT, CA US",19-06-2022,8.05,,0,,77,51,280,280,21.9,25.1,,,,,
USW00023230,"OAKLAND INTERNATIONAL AIRPORT, CA US",20-06-2022,6.26,,0,,80,52,300,310,16.1,21,,,,,
USW00023230,"OAKLAND INTERNATIONAL AIRPORT, CA US",21-06-2022,6.26,,0,,98,57,300,300,16.1,23,,,,,
USW00023230,"OAKLAND INTERNATIONAL AIRPORT, CA US",22-06-2022,9.17,,0,,83,61,300,310,23,29.1,,,,,
USW00023230,"OAKLAND INTERNATIONAL AIRPORT, CA US",23-06-2022,9.4,,0,,76,57,310,310,19.9,23.9,,,,,
USW00023230,"OAKLAND INTERNATIONAL AIRPORT, CA US",24-06-2022,10.29,,0,,73,54,300,300,21,25.1,,,,,
USW00023230,"OAKLAND INTERNATIONAL AIRPORT, CA US",25-06-2022,10.51,,0,,71,55,300,300,21.9,27.1,,,,,
USW00023230,"OAKLAND INTERNATIONAL AIRPORT, CA US",26-06-2022,9.4,,0,,70,56,280,300,19.9,23.9,,,,,
USW00023230,"OAKLAND INTERNATIONAL AIRPORT, CA US",27-06-2022,10.07,,0,,71,56,280,280,21.9,25.1,,,,,
USW00023230,"OAKLAND INTERNATIONAL AIRPORT, CA US",28-06-2022,9.4,,0,,70,55,250,240,16.1,27.1,,,,,
USW00023230,"OAKLAND INTERNATIONAL AIRPORT, CA US",29-06-2022,10.51,,0,,66,56,280,290,19.9,25.9,,,,,
USW00023230,"OAKLAND INTERNATIONAL AIRPORT, CA US",30-06-2022,12.75,,0,,62,55,260,240,21,27.1,,,,,
USW00023230,"OAKLAND INTERNATIONAL AIRPORT, CA US",01-07-2022,12.75,,0,,66,55,270,270,21,27.1,,,,,
USW00023230,"OAKLAND INTERNATIONAL AIRPORT, CA US",02-07-2022,15.21,,0,,62,55,270,280,23,32,1,,,,
USW00023230,"OAKLAND INTERNATIONAL AIRPORT, CA US",03-07-2022,14.54,,0,,65,56,270,260,21.9,27.1,1,,,,
USW00023230,"OAKLAND INTERNATIONAL AIRPORT, CA US",04-07-2022,7.61,,0,,75,58,300,300,19.9,23.9,1,,,,1
USW00023230,"OAKLAND INTERNATIONAL AIRPORT, CA US",05-07-2022,9.17,,0,,74,63,270,230,21,25.9,,,,,
USW00023230,"OAKLAND INTERNATIONAL AIRPORT, CA US",06-07-2022,12.08,,0,,71,61,280,250,21.9,30,,,,,
USW00023230,"OAKLAND INTERNATIONAL AIRPORT, CA US",07-07-2022,11.18,,0,,71,57,280,290,19.9,23.9,,,,,
USW00023230,"OAKLAND INTERNATIONAL AIRPORT, CA US",08-07-2022,10.29,,0,,70,55,280,280,23,27.1,,,,,
USW00023230,"OAKLAND INTERNATIONAL AIRPORT, CA US",09-07-2022,9.84,,0,,68,56,270,270,17,21,,,,,
USW00023230,"OAKLAND INTERNATIONAL AIRPORT, CA US",10-07-2022,7.38,,0,,80,58,300,310,17,21,,,,,
USW00023230,"OAKLAND INTERNATIONAL AIRPORT, CA US",11-07-2022,11.18,,0,,74,57,300,290,19.9,23.9,,,,,
USW00023230,"OAKLAND INTERNATIONAL AIRPORT, CA US",12-07-2022,9.84,,0,,72,58,290,300,19.9,25.1,,,,,
USW00023230,"OAKLAND INTERNATIONAL AIRPORT, CA US",13-07-2022,11.18,,0,,72,58,290,300,19.9,23.9,,,,,
USW00023230,"OAKLAND INTERNATIONAL AIRPORT, CA US",14-07-2022,10.07,,0,,70,56,260,260,21.9,31.1,,,,,
USW00023230,"OAKLAND INTERNATIONAL AIRPORT, CA US",15-07-2022,8.28,,0,,68,56,280,260,17,23,,,,,
USW00023230,"OAKLAND INTERNATIONAL AIRPORT, CA US",16-07-2022,8.5,,0,,76,55,280,290,19.9,21.9,,,,,
USW00023230,"OAKLAND INTERNATIONAL AIRPORT, CA US",17-07-2022,8.95,,0,,69,53,290,290,19.9,25.1,,,,,
USW00023230,"OAKLAND INTERNATIONAL AIRPORT, CA US",18-07-2022,9.84,,0,,73,56,300,300,21.9,27.1,,,,,
USW00023230,"OAKLAND INTERNATIONAL AIRPORT, CA US",19-07-2022,11.63,,0,,69,55,290,280,21,25.1,,,,,
USW00023230,"OAKLAND INTERNATIONAL AIRPORT, CA US",20-07-2022,10.51,,0,,69,55,280,290,21.9,25.9,,,,,
USW00023230,"OAKLAND INTERNATIONAL AIRPORT, CA US",21-07-2022,8.5,,0,,67,54,280,280,19.9,23.9,,,,,
USW00023230,"OAKLAND INTERNATIONAL AIRPORT, CA US",22-07-2022,8.95,,0,,70,53,280,240,18.1,23.9,,,,,
USW00023230,"OAKLAND INTERNATIONAL AIRPORT, CA US",23-07-2022,10.74,,0,,67,53,300,300,21.9,27.1,,,,,
USW00023230,"OAKLAND INTERNATIONAL AIRPORT, CA US",24-07-2022,8.95,,0,,70,54,310,320,21,25.9,,,,,
USW00023230,"OAKLAND INTERNATIONAL AIRPORT, CA US",25-07-2022,11.41,,0,,68,55,300,290,19.9,23.9,,,,,
USW00023230,"OAKLAND INTERNATIONAL AIRPORT, CA US",26-07-2022,10.74,,0,,70,58,300,310,19.9,25.1,,,,,
USW00023230,"OAKLAND INTERNATIONAL AIRPORT, CA US",27-07-2022,11.18,,0,,69,56,290,290,18.1,23.9,,,,,
USW00023230,"OAKLAND INTERNATIONAL AIRPORT, CA US",28-07-2022,11.41,,0,,68,57,270,280,18.1,23.9,,,,,
USW00023230,"OAKLAND INTERNATIONAL AIRPORT, CA US",29-07-2022,11.86,,0,,69,59,280,270,18.1,23.9,,,,,
USW00023230,"OAKLAND INTERNATIONAL AIRPORT, CA US",30-07-2022,11.41,,0,,68,60,280,280,18.1,23,,,,,
USW00023230,"OAKLAND INTERNATIONAL AIRPORT, CA US",31-07-2022,10.51,,0,,68,60,280,270,17,29.1,,,,,
USW00023230,"OAKLAND INTERNATIONAL AIRPORT, CA US",01-08-2022,7.38,,0,,75,60,290,290,15,18.1,,,,,
USW00023230,"OAKLAND INTERNATIONAL AIRPORT, CA US",02-08-2022,8.95,,0,,76,59,290,290,21,25.1,,,,,
USW00023230,"OAKLAND INTERNATIONAL AIRPORT, CA US",03-08-2022,9.84,,0,,72,58,290,280,19.9,27.1,,,,,
USW00023230,"OAKLAND INTERNATIONAL AIRPORT, CA US",04-08-2022,10.51,,0,,74,51,290,280,23,29.1,,,,,
USW00023230,"OAKLAND INTERNATIONAL AIRPORT, CA US",05-08-2022,11.41,,0,,74,62,280,280,19.9,25.9,,,,,
USW00023230,"OAKLAND INTERNATIONAL AIRPORT, CA US",06-08-2022,10.96,,0,,73,61,290,290,18.1,23,,,,,
USW00023230,"OAKLAND INTERNATIONAL AIRPORT, CA US",07-08-2022,12.97,,0,,73,61,280,270,21,27.1,,,,,
USW00023230,"OAKLAND INTERNATIONAL AIRPORT, CA US",08-08-2022,13.2,,0,,74,61,270,250,21.9,29.1,,,,,
USW00023230,"OAKLAND INTERNATIONAL AIRPORT, CA US",09-08-2022,14.32,,0,,75,62,270,250,21.9,31.1,,,,,
USW00023230,"OAKLAND INTERNATIONAL AIRPORT, CA US",10-08-2022,10.07,,0,,77,63,280,290,18.1,23.9,,,,,
USW00023230,"OAKLAND INTERNATIONAL AIRPORT, CA US",11-08-2022,11.86,,0,,74,62,280,250,21,32,,,,,
USW00023230,"OAKLAND INTERNATIONAL AIRPORT, CA US",12-08-2022,8.72,,0,,73,59,260,250,19.9,23.9,,,,,
USW00023230,"OAKLAND INTERNATIONAL AIRPORT, CA US",13-08-2022,8.95,,0,,74,57,260,260,18.1,25.9,,,,,
USW00023230,"OAKLAND INTERNATIONAL AIRPORT, CA US",14-08-2022,6.71,,0,,78,56,290,290,21,23.9,,,,,
USW00023230,"OAKLAND INTERNATIONAL AIRPORT, CA US",15-08-2022,6.93,,0,,78,54,290,300,17,21.9,,,,,
USW00023230,"OAKLAND INTERNATIONAL AIRPORT, CA US",16-08-2022,7.61,,0,,84,55,310,300,15,19,,,,,
USW00023230,"OAKLAND INTERNATIONAL AIRPORT, CA US",17-08-2022,8.28,,0.01,,77,59,310,320,17,23.9,,,,,
USW00023230,"OAKLAND INTERNATIONAL AIRPORT, CA US",18-08-2022,10.07,,0,,73,55,290,300,21,23.9,,,,,
USW00023230,"OAKLAND INTERNATIONAL AIRPORT, CA US",19-08-2022,9.62,,0,,70,58,280,270,17,34,,,,,
USW00023230,"OAKLAND INTERNATIONAL AIRPORT, CA US",20-08-2022,9.62,,0,,76,56,300,300,21,21,1,,,,
USW00023230,"OAKLAND INTERNATIONAL AIRPORT, CA US",21-08-2022,9.17,,0,,77,57,290,310,21,23.9,,,,,
USW00023230,"OAKLAND INTERNATIONAL AIRPORT, CA US",22-08-2022,8.95,,0,,76,58,270,270,19.9,23,,,,,
USW00023230,"OAKLAND INTERNATIONAL AIRPORT, CA US",23-08-2022,8.5,,0,,77,59,290,220,17,23.9,,,,,
USW00023230,"OAKLAND INTERNATIONAL AIRPORT, CA US",24-08-2022,7.61,,0,,73,59,300,300,21.9,25.9,,,,,
USW00023230,"OAKLAND INTERNATIONAL AIRPORT, CA US",25-08-2022,9.84,,0,,74,59,290,300,19.9,25.1,,,,,
USW00023230,"OAKLAND INTERNATIONAL AIRPORT, CA US",26-08-2022,11.41,,0,,72,57,310,290,19.9,25.1,,,,,
USW00023230,"OAKLAND INTERNATIONAL AIRPORT, CA US",27-08-2022,8.28,,0,,75,57,310,310,19.9,25.1,,,,,
USW00023230,"OAKLAND INTERNATIONAL AIRPORT, CA US",28-08-2022,8.5,,0,,73,58,290,210,18.1,25.1,,,,,
USW00023230,"OAKLAND INTERNATIONAL AIRPORT, CA US",29-08-2022,8.95,,0,,71,57,300,300,19.9,25.1,,,,,
USW00023230,"OAKLAND INTERNATIONAL AIRPORT, CA US",30-08-2022,8.95,,0,,72,56,290,290,18.1,23,,,,,
USW00023230,"OAKLAND INTERNATIONAL AIRPORT, CA US",31-08-2022,8.05,,0,,73,57,280,270,16.1,28,,,,,
USW00023230,"OAKLAND INTERNATIONAL AIRPORT, CA US",01-09-2022,8.95,,0,,77,56,290,290,16.1,19.9,,,,,
USW00023230,"OAKLAND INTERNATIONAL AIRPORT, CA US",02-09-2022,9.17,,0,,72,56,270,270,18.1,21.9,,,,,
USW00023230,"OAKLAND INTERNATIONAL AIRPORT, CA US",03-09-2022,7.61,,0,,78,57,280,270,17,21,,,,,
USW00023230,"OAKLAND INTERNATIONAL AIRPORT, CA US",04-09-2022,4.92,,0,,91,56,290,300,14.1,17,,,,,
USW00023230,"OAKLAND INTERNATIONAL AIRPORT, CA US",05-09-2022,5.14,,0,,97,61,310,300,16.1,19.9,,,,,
USW00023230,"OAKLAND INTERNATIONAL AIRPORT, CA US",06-09-2022,6.04,,0,,102,65,350,330,15,21,,,,,
USW00023230,"OAKLAND INTERNATIONAL AIRPORT, CA US",07-09-2022,7.61,,0,,91,64,310,310,19.9,28,,,,,
USW00023230,"OAKLAND INTERNATIONAL AIRPORT, CA US",08-09-2022,6.04,,0,,94,62,290,290,16.1,19.9,,,,,
USW00023230,"OAKLAND INTERNATIONAL AIRPORT, CA US",09-09-2022,9.4,,0,,79,60,300,290,17,21.9,,,,,1
USW00023230,"OAKLAND INTERNATIONAL AIRPORT, CA US",10-09-2022,8.28,,0,,76,60,240,230,19.9,25.1,,,,,1
USW00023230,"OAKLAND INTERNATIONAL AIRPORT, CA US",11-09-2022,6.71,,0,,78,64,290,290,17,19.9,,,,,
USW00023230,"OAKLAND INTERNATIONAL AIRPORT, CA US",12-09-2022,10.74,,0,,71,61,280,240,21.9,25.9,,,,,
USW00023230,"OAKLAND INTERNATIONAL AIRPORT, CA US",13-09-2022,16.11,,0,,69,60,260,280,21,38,,,,,
USW00023230,"OAKLAND INTERNATIONAL AIRPORT, CA US",14-09-2022,9.84,,0,,74,61,270,260,18.1,25.1,,,,,
USW00023230,"OAKLAND INTERNATIONAL AIRPORT, CA US",15-09-2022,11.18,,0,,69,59,280,260,21,25.9,,,,,
USW00023230,"OAKLAND INTERNATIONAL AIRPORT, CA US",16-09-2022,9.17,,0,,72,60,270,270,17,23,,,,,
USW00023230,"OAKLAND INTERNATIONAL AIRPORT, CA US",17-09-2022,13.42,,0,,70,58,260,260,29.1,35.1,,,,,
USW00023230,"OAKLAND INTERNATIONAL AIRPORT, CA US",18-09-2022,18.12,,0.28,,72,60,150,110,36,49,1,,,,1
USW00023230,"OAKLAND INTERNATIONAL AIRPORT, CA US",19-09-2022,6.93,,0,,74,56,290,270,16.1,23,,,,,
USW00023230,"OAKLAND INTERNATIONAL AIRPORT, CA US",20-09-2022,6.49,,0,,74,55,280,280,16.1,21,,,,,
USW00023230,"OAKLAND INTERNATIONAL AIRPORT, CA US",21-09-2022,6.26,,0.01,,73,57,260,250,15,19,,,,,
USW00023230,"OAKLAND INTERNATIONAL AIRPORT, CA US",22-09-2022,6.49,,0,,78,55,260,250,17,17,1,,,,
USW00023230,"OAKLAND INTERNATIONAL AIRPORT, CA US",23-09-2022,4.47,,0,,85,55,290,290,14.1,18.1,,,,,
USW00023230,"OAKLAND INTERNATIONAL AIRPORT, CA US",24-09-2022,6.49,,0,,83,56,300,310,16.1,19.9,,,,,
USW00023230,"OAKLAND INTERNATIONAL AIRPORT, CA US",25-09-2022,9.17,,0,,70,58,300,290,17,21.9,,,,,
USW00023230,"OAKLAND INTERNATIONAL AIRPORT, CA US",26-09-2022,8.95,,0,,67,58,290,300,19.9,23,,,,,
USW00023230,"OAKLAND INTERNATIONAL AIRPORT, CA US",27-09-2022,8.5,,0,,69,57,280,280,18.1,25.1,,,,,
USW00023230,"OAKLAND INTERNATIONAL AIRPORT, CA US",28-09-2022,7.83,,0,,70,57,280,260,17,23.9,,,,,
USW00023230,"OAKLAND INTERNATIONAL AIRPORT, CA US",29-09-2022,5.14,,0,,78,55,290,280,15,19,,,,,
USW00023230,"OAKLAND INTERNATIONAL AIRPORT, CA US",30-09-2022,6.49,,0,,82,54,300,300,17,21.9,1,,,,
USW00023230,"OAKLAND INTERNATIONAL AIRPORT, CA US",01-10-2022,8.5,,0,,69,57,280,260,17,23,,,,,
USW00023230,"OAKLAND INTERNATIONAL AIRPORT, CA US",02-10-2022,8.95,,0,,72,61,270,230,15,17,,,,,
USW00023230,"OAKLAND INTERNATIONAL AIRPORT, CA US",03-10-2022,7.83,,0,,72,53,270,290,18.1,25.1,,,,,
USW00023230,"OAKLAND INTERNATIONAL AIRPORT, CA US",04-10-2022,7.16,,0,,67,54,280,280,16.1,19.9,,,,,
USW00023230,"OAKLAND INTERNATIONAL AIRPORT, CA US",05-10-2022,6.04,,0,,73,52,300,300,16.1,18.1,,,,,
USW00023230,"OAKLAND INTERNATIONAL AIRPORT, CA US",06-10-2022,6.04,,0,,72,52,300,300,17,21,1,,,,
USW00023230,"OAKLAND INTERNATIONAL AIRPORT, CA US",07-10-2022,6.26,,0,,72,54,290,290,16.1,19,1,,,,
USW00023230,"OAKLAND INTERNATIONAL AIRPORT, CA US",08-10-2022,7.38,,0,,,,290,290,17,21.9,1,1,,,1
USW00023230,"OAKLAND INTERNATIONAL AIRPORT, CA US",09-10-2022,7.61,,0,,,,290,290,15,19.9,1,,,,
USW00023230,"OAKLAND INTERNATIONAL AIRPORT, CA US",10-10-2022,6.93,,0,,69,,290,290,17,19.9,,,,,
USW00023230,"OAKLAND INTERNATIONAL AIRPORT, CA US",11-10-2022,6.93,,0,,66,,300,290,17,21.9,,,,,
USW00023230,"OAKLAND INTERNATIONAL AIRPORT, CA US",12-10-2022,7.61,,0,,68,56,300,280,18.1,21.9,,,,,
USW00023230,"OAKLAND INTERNATIONAL AIRPORT, CA US",13-10-2022,8.72,,0,,66,56,290,290,17,19.9,,,,,
USW00023230,"OAKLAND INTERNATIONAL AIRPORT, CA US",14-10-2022,6.93,,0,,66,55,290,290,17,21,,,,,
USW00023230,"OAKLAND INTERNATIONAL AIRPORT, CA US",15-10-2022,8.05,,0,,67,58,270,270,17,21.9,,,,,
USW00023230,"OAKLAND INTERNATIONAL AIRPORT, CA US",16-10-2022,6.93,,0,,67,52,270,270,13,18.1,,,,,
USW00023230,"OAKLAND INTERNATIONAL AIRPORT, CA US",17-10-2022,4.7,,0,,72,47,290,300,14.1,17,1,,,,
USW00023230,"OAKLAND INTERNATIONAL AIRPORT, CA US",18-10-2022,2.46,,0,,78,53,290,280,8.1,10.1,,,,,
USW00023230,"OAKLAND INTERNATIONAL AIRPORT, CA US",19-10-2022,3.36,,0,,87,52,290,290,10.1,14.1,1,,,,
USW00023230,"OAKLAND INTERNATIONAL AIRPORT, CA US",20-10-2022,7.38,,0,,71,50,300,300,16.1,19.9,1,,,,
USW00023230,"OAKLAND INTERNATIONAL AIRPORT, CA US",21-10-2022,8.72,,0,,64,53,290,310,23,34,1,,,,
USW00023230,"OAKLAND INTERNATIONAL AIRPORT, CA US",22-10-2022,15.43,,0,,69,57,300,320,31.1,40,,,,,
USW00023230,"OAKLAND INTERNATIONAL AIRPORT, CA US",23-10-2022,8.72,,0,,70,49,280,310,21.9,36,,,,,
USW00023230,"OAKLAND INTERNATIONAL AIRPORT, CA US",24-10-2022,4.7,,0,,72,44,280,290,13,15,,,,,
USW00023230,"OAKLAND INTERNATIONAL AIRPORT, CA US",25-10-2022,6.71,,0,,66,48,270,260,15,21.9,,,,,
USW00023230,"OAKLAND INTERNATIONAL AIRPORT, CA US",26-10-2022,6.49,,0,,66,45,280,230,16.1,21.9,,,,,
USW00023230,"OAKLAND INTERNATIONAL AIRPORT, CA US",27-10-2022,4.7,,0,,69,43,310,320,12.1,14.1,,,,,
USW00023230,"OAKLAND INTERNATIONAL AIRPORT, CA US",28-10-2022,4.92,,0,,65,44,280,250,17,21.9,,,,,
USW00023230,"OAKLAND INTERNATIONAL AIRPORT, CA US",29-10-2022,4.25,,0,,68,42,280,270,13,16.1,1,,,,
USW00023230,"OAKLAND INTERNATIONAL AIRPORT, CA US",30-10-2022,6.49,,0,,65,51,290,290,17,19,,,,,
USW00023230,"OAKLAND INTERNATIONAL AIRPORT, CA US",31-10-2022,6.71,,0,,64,48,280,220,16.1,19.9,,,,,
USW00023230,"OAKLAND INTERNATIONAL AIRPORT, CA US",01-11-2022,16.78,,0.21,,60,52,300,300,35.1,42.1,1,,,,1
USW00023230,"OAKLAND INTERNATIONAL AIRPORT, CA US",02-11-2022,10.96,,0.04,,59,48,270,270,31.1,42.9,,,,,
USW00023230,"OAKLAND INTERNATIONAL AIRPORT, CA US",03-11-2022,6.71,,0,,60,40,290,260,15,21,,,,,
USW00023230,"OAKLAND INTERNATIONAL AIRPORT, CA US",04-11-2022,4.7,,0,,61,42,290,290,14.1,16.1,1,,,,
USW00023230,"OAKLAND INTERNATIONAL AIRPORT, CA US",05-11-2022,6.71,,0.09,,61,54,250,250,15,18.1,1,,,,
USW00023230,"OAKLAND INTERNATIONAL AIRPORT, CA US",06-11-2022,13.65,,0.05,,61,53,200,300,23,32,1,,,,
USW00023230,"OAKLAND INTERNATIONAL AIRPORT, CA US",07-11-2022,11.63,,0.06,,60,47,300,280,33.1,46.1,1,,,,1
USW00023230,"OAKLAND INTERNATIONAL AIRPORT, CA US",08-11-2022,11.18,,1.01,,55,46,240,240,25.1,42.1,1,,1,,
USW00023230,"OAKLAND INTERNATIONAL AIRPORT, CA US",09-11-2022,7.61,,0,,59,44,260,250,16.1,23,,,,,
USW00023230,"OAKLAND INTERNATIONAL AIRPORT, CA US",10-11-2022,5.82,,0,,59,40,300,40,13,17,,,,,
USW00023230,"OAKLAND INTERNATIONAL AIRPORT, CA US",11-11-2022,4.25,,0,,58,38,310,310,10.1,14.1,,,,,
USW00023230,"OAKLAND INTERNATIONAL AIRPORT, CA US",12-11-2022,6.71,,0,,60,41,290,310,19.9,32,1,,,,
USW00023230,"OAKLAND INTERNATIONAL AIRPORT, CA US",13-11-2022,6.49,,0,,61,41,280,300,16.1,23.9,,,,,
USW00023230,"OAKLAND INTERNATIONAL AIRPORT, CA US",14-11-2022,3.8,,0,,60,38,60,50,8.9,13,,,,,
USW00023230,"OAKLAND INTERNATIONAL AIRPORT, CA US",15-11-2022,4.25,,0,,65,39,300,300,12.1,15,,,,,
USW00023230,"OAKLAND INTERNATIONAL AIRPORT, CA US",16-11-2022,3.58,,0,,66,36,280,330,10.1,13,,,,,
USW00023230,"OAKLAND INTERNATIONAL AIRPORT, CA US",17-11-2022,4.47,,0,,64,38,260,260,17,19.9,,,,,
USW00023230,"OAKLAND INTERNATIONAL AIRPORT, CA US",18-11-2022,3.58,,0,,63,38,270,280,8.9,13,,,,,
USW00023230,"OAKLAND INTERNATIONAL AIRPORT, CA US",19-11-2022,6.26,,0,,62,42,90,90,14.1,19,,,,,
USW00023230,"OAKLAND INTERNATIONAL AIRPORT, CA US",20-11-2022,3.8,,0,,61,37,80,230,8.9,13,,,,,1
USW00023230,"OAKLAND INTERNATIONAL AIRPORT, CA US",21-11-2022,2.91,,0,,60,36,310,310,10.1,13,,,,,
USW00023230,"OAKLAND INTERNATIONAL AIRPORT, CA US",22-11-2022,3.8,,0,,62,35,300,290,10.1,12.1,,,,,
USW00023230,"OAKLAND INTERNATIONAL AIRPORT, CA US",23-11-2022,2.91,,0,,67,38,310,310,8.9,10.1,1,,,,
USW00023230,"OAKLAND INTERNATIONAL AIRPORT, CA US",24-11-2022,4.47,,0,,66,41,180,140,10.1,14.1,1,,,,
USW00023230,"OAKLAND INTERNATIONAL AIRPORT, CA US",25-11-2022,4.25,,0,,70,39,310,310,12.1,16.1,1,,,,1
USW00023230,"OAKLAND INTERNATIONAL AIRPORT, CA US",26-11-2022,4.47,,0,,62,41,300,300,10.1,13,1,,,,
USW00023230,"OAKLAND INTERNATIONAL AIRPORT, CA US",27-11-2022,4.25,,0,,64,37,320,300,8.9,12.1,1,,,,
USW00023230,"OAKLAND INTERNATIONAL AIRPORT, CA US",28-11-2022,7.83,,0,,60,41,300,290,36,44.1,1,,,,
USW00023230,"OAKLAND INTERNATIONAL AIRPORT, CA US",29-11-2022,4.92,,0,,56,39,290,310,13,19,,,,,
USW00023230,"OAKLAND INTERNATIONAL AIRPORT, CA US",30-11-2022,6.26,,0,,60,34,230,220,14.1,18.1,,,,,
USW00023230,"OAKLAND INTERNATIONAL AIRPORT, CA US",01-12-2022,10.51,,0.57,,53,38,150,140,23.9,47,1,,,,
USW00023230,"OAKLAND INTERNATIONAL AIRPORT, CA US",02-12-2022,4.92,,0,,52,33,80,80,12.1,15,,,,,
USW00023230,"OAKLAND INTERNATIONAL AIRPORT, CA US",03-12-2022,2.91,,0.86,,50,43,80,80,10.1,12.1,1,,,,
USW00023230,"OAKLAND INTERNATIONAL AIRPORT, CA US",04-12-2022,7.38,,0.08,,59,45,150,140,16.1,19.9,1,,,,
USW00023230,"OAKLAND INTERNATIONAL AIRPORT, CA US",05-12-2022,7.16,,0.07,,59,46,150,140,15,18.1,1,,,,
USW00023230,"OAKLAND INTERNATIONAL AIRPORT, CA US",06-12-2022,6.26,,0.02,,58,41,50,360,14.1,19,,,,,
USW00023230,"OAKLAND INTERNATIONAL AIRPORT, CA US",07-12-2022,3.8,,0,,56,37,280,260,10.1,14.1,1,,,,
USW00023230,"OAKLAND INTERNATIONAL AIRPORT, CA US",08-12-2022,8.05,,0.07,,56,39,160,160,18.1,23.9,1,,,,1
USW00023230,"OAKLAND INTERNATIONAL AIRPORT, CA US",09-12-2022,2.68,,0,,54,41,160,170,16.1,19.9,1,1,,,
USW00023230,"OAKLAND INTERNATIONAL AIRPORT, CA US",10-12-2022,14.76,,1.02,,57,48,200,150,29.1,42.9,1,,,,
USW00023230,"OAKLAND INTERNATIONAL AIRPORT, CA US",11-12-2022,14.09,,0.49,,53,46,300,280,30,36.9,1,,,,1
USW00023230,"OAKLAND INTERNATIONAL AIRPORT, CA US",12-12-2022,7.38,,0.02,,53,38,260,40,15,19.9,,,,,
USW00023230,"OAKLAND INTERNATIONAL AIRPORT, CA US",13-12-2022,4.03,,0,,54,34,290,290,8.9,12.1,1,,,,
USW00023230,"OAKLAND INTERNATIONAL AIRPORT, CA US",14-12-2022,3.13,,0,,51,35,270,220,6.9,11,1,,,,
USW00023230,"OAKLAND INTERNATIONAL AIRPORT, CA US",15-12-2022,4.47,,0,,54,38,190,150,10.1,17,,,,,
USW00023230,"OAKLAND INTERNATIONAL AIRPORT, CA US",16-12-2022,5.37,,0,,57,34,40,60,12.1,16.1,,,,,
USW00023230,"OAKLAND INTERNATIONAL AIRPORT, CA US",17-12-2022,3.58,,0,,55,36,310,300,10.1,12.1,,,,,
USW00023230,"OAKLAND INTERNATIONAL AIRPORT, CA US",18-12-2022,3.58,,0,,53,32,290,310,13,16.1,1,,,,
USW00023230,"OAKLAND INTERNATIONAL AIRPORT, CA US",19-12-2022,6.04,,0,,49,34,80,80,14.1,18.1,1,,,,1
USW00023230,"OAKLAND INTERNATIONAL AIRPORT, CA US",20-12-2022,3.58,,0,,54,42,280,280,10.1,15,1,,,,1
USW00023230,"OAKLAND INTERNATIONAL AIRPORT, CA US",21-12-2022,3.58,,0,,57,38,300,300,10.1,13,,,,,
USW00023230,"OAKLAND INTERNATIONAL AIRPORT, CA US",22-12-2022,4.47,,0,,56,42,300,300,14.1,16.1,1,,,,1
USW00023230,"OAKLAND INTERNATIONAL AIRPORT, CA US",23-12-2022,3.8,,0,,57,44,300,310,13,17,1,,,,1
USW00023230,"OAKLAND INTERNATIONAL AIRPORT, CA US",24-12-2022,4.03,,0,,57,42,60,90,10.1,14.1,1,,,,1
USW00023230,"OAKLAND INTERNATIONAL AIRPORT, CA US",25-12-2022,3.58,,0,,61,42,300,330,15,18.1,1,,,,1
USW00023230,"OAKLAND INTERNATIONAL AIRPORT, CA US",26-12-2022,5.59,,0.22,,54,44,130,130,14.1,21,1,,,,1
USW00023230,"OAKLAND INTERNATIONAL AIRPORT, CA US",27-12-2022,10.51,,1.77,,58,49,160,140,23.9,38,1,,,,
USW00023230,"OAKLAND INTERNATIONAL AIRPORT, CA US",28-12-2022,4.7,,0,,57,40,80,170,12.1,14.1,1,,,,
USW00023230,"OAKLAND INTERNATIONAL AIRPORT, CA US",29-12-2022,8.05,,0.42,,56,49,150,130,18.1,33.1,1,,,,
USW00023230,"OAKLAND INTERNATIONAL AIRPORT, CA US",30-12-2022,14.32,1500,0.88,,60,54,210,210,23,36,1,,,,
USW00023230,"OAKLAND INTERNATIONAL AIRPORT, CA US",31-12-2022,7.83,,5.01,,57,51,10,360,23.9,40,1,1,,,
USW00023230,"OAKLAND INTERNATIONAL AIRPORT, CA US",01-01-2023,6.93,,0,,62,46,290,350,15,19,,,,,
USW00023230,"OAKLAND INTERNATIONAL AIRPORT, CA US",02-01-2023,10.29,,0.41,,52,45,60,70,23.9,34,1,,,,
USW00023230,"OAKLAND INTERNATIONAL AIRPORT, CA US",03-01-2023,7.61,,0,,55,45,70,70,16.1,19,,,,,
USW00023230,"OAKLAND INTERNATIONAL AIRPORT, CA US",04-01-2023,17,,1.4,,59,48,130,130,33.1,57.9,1,,,,
USW00023230,"OAKLAND INTERNATIONAL AIRPORT, CA US",05-01-2023,14.76,,0.32,,58,51,200,200,29.1,42.9,1,,1,,
USW00023230,"OAKLAND INTERNATIONAL AIRPORT, CA US",06-01-2023,8.95,,0,,60,50,150,150,16.1,21.9,,,,,
USW00023230,"OAKLAND INTERNATIONAL AIRPORT, CA US",07-01-2023,17.45,,0.12,,59,51,150,140,36.9,59.1,1,,,,
USW00023230,"OAKLAND INTERNATIONAL AIRPORT, CA US",08-01-2023,12.3,,0.79,,62,52,150,150,40,53.9,1,,,,
USW00023230,"OAKLAND INTERNATIONAL AIRPORT, CA US",09-01-2023,8.72,,1.19,,59,51,140,140,21.9,45,1,,,,
USW00023230,"OAKLAND INTERNATIONAL AIRPORT, CA US",10-01-2023,18.12,,0.37,,57,48,200,210,35.1,53,1,,1,,1
USW00023230,"OAKLAND INTERNATIONAL AIRPORT, CA US",11-01-2023,16.55,,0.29,,59,51,150,140,21,40,1,,,,
USW00023230,"OAKLAND INTERNATIONAL AIRPORT, CA US",12-01-2023,9.4,,0,,67,54,180,120,21,30,,,,,
USW00023230,"OAKLAND INTERNATIONAL AIRPORT, CA US",13-01-2023,11.18,,0.4,,60,53,170,150,25.1,35.1,1,,,,
USW00023230,"OAKLAND INTERNATIONAL AIRPORT, CA US",14-01-2023,14.32,,0.99,,58,50,160,150,28,44.1,1,,1,,1
USW00023230,"OAKLAND INTERNATIONAL AIRPORT, CA US",15-01-2023,10.74,,0.95,,54,47,190,180,23.9,28,1,,,,
USW00023230,"OAKLAND INTERNATIONAL AIRPORT, CA US",16-01-2023,15.43,,0.95,,56,45,300,280,36,44.1,1,,,,
USW00023230,"OAKLAND INTERNATIONAL AIRPORT, CA US",17-01-2023,3.36,,0,,54,38,270,250,10.1,19,,,,,
USW00023230,"OAKLAND INTERNATIONAL AIRPORT, CA US",18-01-2023,7.16,,0.11,,56,40,250,190,18.1,25.9,1,,,,
USW00023230,"OAKLAND INTERNATIONAL AIRPORT, CA US",19-01-2023,5.59,,0,,53,41,300,300,17,21,,,,,
USW00023230,"OAKLAND INTERNATIONAL AIRPORT, CA US",20-01-2023,7.83,,0,,55,39,50,70,21,32,,,,,
USW00023230,"OAKLAND INTERNATIONAL AIRPORT, CA US",21-01-2023,3.8,,0,,56,33,300,300,14.1,15,,,,,
USW00023230,"OAKLAND INTERNATIONAL AIRPORT, CA US",22-01-2023,9.17,,0,,61,38,350,330,23.9,40,,,,,
USW00023230,"OAKLAND INTERNATIONAL AIRPORT, CA US",23-01-2023,6.93,,0,,63,41,50,60,19.9,28,,,,,
USW00023230,"OAKLAND INTERNATIONAL AIRPORT, CA US",24-01-2023,5.82,,0,,61,42,70,80,16.1,23.9,,,,,
USW00023230,"OAKLAND INTERNATIONAL AIRPORT, CA US",25-01-2023,4.03,,0,,65,39,70,50,17,21,,,,,
USW00023230,"OAKLAND INTERNATIONAL AIRPORT, CA US",26-01-2023,8.5,,0,,69,46,60,60,29.1,40,,,,,
USW00023230,"OAKLAND INTERNATIONAL AIRPORT, CA US",27-01-2023,5.37,,0,,57,40,290,290,16.1,19.9,1,1,,,
USW00023230,"OAKLAND INTERNATIONAL AIRPORT, CA US",28-01-2023,6.93,,0,,55,41,250,230,17,30,1,1,,,
USW00023230,"OAKLAND INTERNATIONAL AIRPORT, CA US",29-01-2023,11.18,,0,,51,44,300,310,29.1,38,,,,,
USW00023230,"OAKLAND INTERNATIONAL AIRPORT, CA US",30-01-2023,6.49,,0,,55,35,50,70,21.9,32,,,,,
USW00023230,"OAKLAND INTERNATIONAL AIRPORT, CA US",31-01-2023,4.03,1412,0,,57,32,280,250,8.9,17,,,,,
USW00023230,"OAKLAND INTERNATIONAL AIRPORT, CA US",01-02-2023,5.59,,0,,56,35,300,310,14.1,17,,,,,
USW00023230,"OAKLAND INTERNATIONAL AIRPORT, CA US",02-02-2023,4.7,,0,,58,37,110,110,14.1,18.1,,,,,
USW00023230,"OAKLAND INTERNATIONAL AIRPORT, CA US",03-02-2023,6.71,,0.43,,57,48,170,160,19.9,25.1,1,,,,
USW00023230,"OAKLAND INTERNATIONAL AIRPORT, CA US",04-02-2023,10.07,,0.2,,59,49,210,250,25.1,38.9,1,,,,1
USW00023230,"OAKLAND INTERNATIONAL AIRPORT, CA US",05-02-2023,13.87,,0.11,,56,44,300,280,36.9,50.1,1,,,,
USW00023230,"OAKLAND INTERNATIONAL AIRPORT, CA US",06-02-2023,4.92,,0,,59,41,310,300,15,19,,,,,
USW00023230,"OAKLAND INTERNATIONAL AIRPORT, CA US",07-02-2023,4.25,,0,,59,38,300,310,13,16.1,,,,,
USW00023230,"OAKLAND INTERNATIONAL AIRPORT, CA US",08-02-2023,3.36,,0,,62,39,310,300,12.1,14.1,,,,,
USW00023230,"OAKLAND INTERNATIONAL AIRPORT, CA US",09-02-2023,4.03,,0,,64,39,290,300,13,17,,,,,
USW00023230,"OAKLAND INTERNATIONAL AIRPORT, CA US",10-02-2023,8.05,,0,,58,38,300,290,28,36.9,1,,,,
USW00023230,"OAKLAND INTERNATIONAL AIRPORT, CA US",11-02-2023,8.5,,0.05,,57,44,20,50,18.1,27.1,1,,,,
USW00023230,"OAKLAND INTERNATIONAL AIRPORT, CA US",12-02-2023,4.7,,0,,63,38,290,290,12.1,15,,,,,
USW00023230,"OAKLAND INTERNATIONAL AIRPORT, CA US",13-02-2023,9.62,,0,,61,40,300,300,32,38.9,1,1,,,
USW00023230,"OAKLAND INTERNATIONAL AIRPORT, CA US",14-02-2023,14.76,,0,,55,44,300,330,35.1,46.1,,,,,
USW00023230,"OAKLAND INTERNATIONAL AIRPORT, CA US",15-02-2023,7.16,,0,,57,37,20,30,17,21.9,,,,,
USW00023230,"OAKLAND INTERNATIONAL AIRPORT, CA US",16-02-2023,3.8,,0,,55,34,330,340,10.1,14.1,,,,,
USW00023230,"OAKLAND INTERNATIONAL AIRPORT, CA US",17-02-2023,5.37,,0,,64,38,70,60,15,18.1,,,,,
USW00023230,"OAKLAND INTERNATIONAL AIRPORT, CA US",18-02-2023,3.8,,0,,61,34,300,310,10.1,12.1,,,,,
USW00023230,"OAKLAND INTERNATIONAL AIRPORT, CA US",19-02-2023,2.68,,0,,62,36,310,310,8.9,12.1,,,,,
USW00023230,"OAKLAND INTERNATIONAL AIRPORT, CA US",20-02-2023,3.8,,0,,66,40,280,300,10.1,14.1,,,,,
USW00023230,"OAKLAND INTERNATIONAL AIRPORT, CA US",21-02-2023,19.24,,0,,59,42,290,290,49,63.1,1,,,,1
USW00023230,"OAKLAND INTERNATIONAL AIRPORT, CA US",22-02-2023,18.57,,0,,52,43,290,320,36,45,,,,,
USW00023230,"OAKLAND INTERNATIONAL AIRPORT, CA US",23-02-2023,15.88,,0.24,,51,40,160,140,31.1,48.1,1,,1,,
USW00023230,"OAKLAND INTERNATIONAL AIRPORT, CA US",24-02-2023,11.86,,0.62,,49,40,150,140,25.9,42.9,1,,1,,
USW00023230,"OAKLAND INTERNATIONAL AIRPORT, CA US",25-02-2023,5.59,,0,,51,39,270,290,15,19,,,,,
USW00023230,"OAKLAND INTERNATIONAL AIRPORT, CA US",26-02-2023,12.53,,0.4,,50,44,180,150,21.9,33.1,1,,,,
USW00023230,"OAKLAND INTERNATIONAL AIRPORT, CA US",27-02-2023,12.75,,0.37,,51,37,290,270,36,49,1,,1,,
USW00023230,"OAKLAND INTERNATIONAL AIRPORT, CA US",28-02-2023,14.09,,0.45,,54,40,290,320,25.1,38,1,,,,
USW00023230,"OAKLAND INTERNATIONAL AIRPORT, CA US",01-03-2023,11.41,,0,,56,38,310,320,23,38,,,,,
USW00023230,"OAKLAND INTERNATIONAL AIRPORT, CA US",02-03-2023,7.16,,0,,55,38,270,250,16.1,23,,,,,
USW00023230,"OAKLAND INTERNATIONAL AIRPORT, CA US",03-03-2023,7.16,,0,,55,40,270,300,21,32,1,,,,
USW00023230,"OAKLAND INTERNATIONAL AIRPORT, CA US",04-03-2023,14.32,,0.12,,52,44,210,250,28,40,1,,1,,
USW00023230,"OAKLAND INTERNATIONAL AIRPORT, CA US",05-03-2023,12.08,,0.18,,53,43,210,250,31.1,51,,,1,,
USW00023230,"OAKLAND INTERNATIONAL AIRPORT, CA US",06-03-2023,10.29,,0.16,,55,41,280,300,18.1,32,1,,,,
USW00023230,"OAKLAND INTERNATIONAL AIRPORT, CA US",07-03-2023,7.61,,0,,54,41,260,250,16.1,23,,,,,
USW00023230,"OAKLAND INTERNATIONAL AIRPORT, CA US",08-03-2023,8.05,,0.15,,54,41,260,270,21,33.1,1,,,,
USW00023230,"OAKLAND INTERNATIONAL AIRPORT, CA US",09-03-2023,13.42,,0.91,,59,40,160,140,28,42.9,1,,,,1
USW00023230,"OAKLAND INTERNATIONAL AIRPORT, CA US",10-03-2023,7.38,,0.64,,57,49,160,150,25.1,38.9,1,,,,
USW00023230,"OAKLAND INTERNATIONAL AIRPORT, CA US",11-03-2023,4.03,,0,,59,47,230,220,15,21.9,1,,,,
USW00023230,"OAKLAND INTERNATIONAL AIRPORT, CA US",12-03-2023,9.17,,0.26,,59,54,150,140,21,30,1,,,,
USW00023230,"OAKLAND INTERNATIONAL AIRPORT, CA US",13-03-2023,8.5,,0,,65,54,220,220,17,21,,,,,
USW00023230,"OAKLAND INTERNATIONAL AIRPORT, CA US",14-03-2023,18.57,,0.5,,62,48,170,160,38,49,1,,,,
USW00023230,"OAKLAND INTERNATIONAL AIRPORT, CA US",15-03-2023,6.71,,0,,59,40,280,300,17,32,,,,,
USW00023230,"OAKLAND INTERNATIONAL AIRPORT, CA US",16-03-2023,5.14,,0,,59,42,280,270,16.1,21,,,,,
USW00023230,"OAKLAND INTERNATIONAL AIRPORT, CA US",17-03-2023,5.14,,0,,64,42,280,290,16.1,19.9,,,,,
USW00023230,"OAKLAND INTERNATIONAL AIRPORT, CA US",18-03-2023,4.92,,0.01,,66,44,190,190,21.9,29.1,,,,,
USW00023230,"OAKLAND INTERNATIONAL AIRPORT, CA US",19-03-2023,11.86,,0.45,,58,51,160,140,23.9,40,1,,,,
USW00023230,"OAKLAND INTERNATIONAL AIRPORT, CA US",20-03-2023,8.28,,0,,56,48,280,300,17,29.1,1,,,,
USW00023230,"OAKLAND INTERNATIONAL AIRPORT, CA US",21-03-2023,19.01,,1.28,,58,46,150,140,51,74,1,,,,
USW00023230,"OAKLAND INTERNATIONAL AIRPORT, CA US",22-03-2023,10.74,,0.2,,59,48,160,140,19.9,33.1,,,,,
USW00023230,"OAKLAND INTERNATIONAL AIRPORT, CA US",23-03-2023,19.01,,0,,57,49,300,310,32,40.9,,,,,
USW00023230,"OAKLAND INTERNATIONAL AIRPORT, CA US",24-03-2023,12.3,,0,,59,43,300,310,32,40.9,,,,,
USW00023230,"OAKLAND INTERNATIONAL AIRPORT, CA US",25-03-2023,11.86,,0,,59,43,290,320,21,35.1,,,,,
USW00023230,"OAKLAND INTERNATIONAL AIRPORT, CA US",26-03-2023,8.72,,0,,57,40,280,330,19.9,34,,,,,
USW00023230,"OAKLAND INTERNATIONAL AIRPORT, CA US",27-03-2023,6.49,,0,,61,37,260,260,18.1,19.9,,,,,
USW00023230,"OAKLAND INTERNATIONAL AIRPORT, CA US",28-03-2023,15.88,,0.64,,53,46,160,140,35.1,53,1,,,,1
USW00023230,"OAKLAND INTERNATIONAL AIRPORT, CA US",29-03-2023,10.96,,,,52,43,160,150,23,38,1,,1,1,
USW00023230,"OAKLAND INTERNATIONAL AIRPORT, CA US",30-03-2023,7.38,,0,,57,41,260,290,18.1,29.1,,,,,
USW00023230,"OAKLAND INTERNATIONAL AIRPORT, CA US",31-03-2023,7.38,,0,,59,42,270,250,15,23,,,,,
USW00023230,"OAKLAND INTERNATIONAL AIRPORT, CA US",01-04-2023,7.61,,0,,61,41,280,270,16.1,19,1,,,,
USW00023230,"OAKLAND INTERNATIONAL AIRPORT, CA US",02-04-2023,17,,0.06,,58,48,290,320,33.1,40.9,1,,,,
USW00023230,"OAKLAND INTERNATIONAL AIRPORT, CA US",03-04-2023,20.58,,0,,58,44,300,290,40,49,,,,,
USW00023230,"OAKLAND INTERNATIONAL AIRPORT, CA US",04-04-2023,7.61,,0,,57,40,290,300,23,33.1,,,,,
USW00023230,"OAKLAND INTERNATIONAL AIRPORT, CA US",05-04-2023,7.61,,0,,58,39,280,310,15,31.1,,,,,
USW00023230,"OAKLAND INTERNATIONAL AIRPORT, CA US",06-04-2023,7.38,,0,,61,43,280,260,16.1,19,,,,,
USW00023230,"OAKLAND INTERNATIONAL AIRPORT, CA US",07-04-2023,11.86,,0.09,,60,51,150,160,19.9,25.1,1,,,,
USW00023230,"OAKLAND INTERNATIONAL AIRPORT, CA US",08-04-2023,6.04,,0,,65,48,280,280,16.1,19,,,,,
USW00023230,"OAKLAND INTERNATIONAL AIRPORT, CA US",09-04-2023,5.82,,0,,73,44,290,300,13,16.1,,,,,
USW00023230,"OAKLAND INTERNATIONAL AIRPORT, CA US",10-04-2023,8.72,,0,,70,51,290,310,21.9,34,1,,,,
USW00023230,"OAKLAND INTERNATIONAL AIRPORT, CA US",11-04-2023,12.53,,0,,63,50,290,280,29.1,36,1,,,,
USW00023230,"OAKLAND INTERNATIONAL AIRPORT, CA US",12-04-2023,11.63,,0,,60,48,280,300,19.9,32,,,,,
USW00023230,"OAKLAND INTERNATIONAL AIRPORT, CA US",13-04-2023,10.07,,0,,62,44,260,300,19.9,30,,,,,
USW00023230,"OAKLAND INTERNATIONAL AIRPORT, CA US",14-04-2023,10.96,,0,,59,47,280,300,18.1,30,,,,,
USW00023230,"OAKLAND INTERNATIONAL AIRPORT, CA US",15-04-2023,10.74,,0,,61,49,260,250,18.1,25.9,,,,,
USW00023230,"OAKLAND INTERNATIONAL AIRPORT, CA US",16-04-2023,15.66,,0,,60,48,300,280,31.1,36,,,,,
USW00023230,"OAKLAND INTERNATIONAL AIRPORT, CA US",17-04-2023,15.43,,0,,59,50,290,270,25.1,35.1,,,,,
USW00023230,"OAKLAND INTERNATIONAL AIRPORT, CA US",18-04-2023,11.41,,0,,59,46,290,310,25.9,40.9,,,,,
USW00023230,"OAKLAND INTERNATIONAL AIRPORT, CA US",19-04-2023,10.07,,0,,62,43,290,280,25.9,38,,,,,
USW00023230,"OAKLAND INTERNATIONAL AIRPORT, CA US",20-04-2023,6.93,,0,,65,42,270,260,18.1,25.1,,,,,
